title,location,text,fraudulent,source
Electrical Engineer,"Cape Town, South Africa","Electrical Engineer - consulting firm, Cape Town. BSc Eng or BEng with ECSA registration as candidate or professional engineer. 6 years experience in building services. Remuneration commensurate with qualifications and experience. Apply with your CV, ECSA registration details and a portfolio of completed projects via our website. Shortlisted candidates will complete a technical interview at our Cape Town offices.",0,synthetic_sa
Models and promoters wanted,"Kimberley, South Africa","Modelling agency in Kimberley is recruiting new faces. No experience needed, earn up to R2,500 per shoot. Send full-length photos, your ID number and home address on WhatsApp 077 172 4824. A once-off portfolio fee of R600 is required before your first booking is confirmed. International contracts available for successful candidates. Apply before Sunday.",1,synthetic_sa
Accountant,"Rustenburg, South Africa","Junior Accountant - Rustenburg. Established audit firm seeks a qualified accountant. Requirements: BCom Accounting, completed SAIPA or SAICA articles preferred, strong Excel and SAP skills, valid driver's licence. Salary R32,000 - R45,000 CTC with study support. Apply through PNet with your CV and academic transcript. Closing date 15 October. Correspondence will be limited to shortlisted candidates.",0,synthetic_sa
Graduate Programme,"Sandton, South Africa",Graduate Programme 2026 - national mining house. Honours degree in Finance or related field with strong academic record. Structured 12-month rotation programme with mentorship and permanent placement on successful completion. Applications via our official graduate portal only. No fees are charged at any stage of the recruitment process. Applications close 25 September.,0,synthetic_sa
Software Developer,"Durban, South Africa","Software Developer - Senior. Our Durban-based fintech company seeks a developer to join the product team. Requirements: BSc Computer Science, BCom Informatics or equivalent; 5 years commercial experience; proficiency in Node.js or TypeScript; experience with REST APIs, SQL and cloud platforms (AWS or Azure). Salary R45,000 - R75,000 per month CTC depending on experience. Benefits include medical aid contribution, provident fund and 20 days annual leave. Submit your CV and portfolio via our careers portal. We do not charge any application fees. Only shortlisted candidates will be contacted.",0,synthetic_sa
Life Sciences Teacher,"Sandton, South Africa","High school Life Sciences teacher - Sandton. B.Ed or PGCE with SACE registration required, FET phase experience preferred. Salary per school governing body scale plus benefits. Send your CV, SACE certificate, academic record and two references to the principal via the school website. Closing date 14 August. Interviews will be held at the school premises. Late applications will not be considered.",0,synthetic_sa
Cleaners needed urgently,"George, South Africa","URGENT HIRING!!! Cleaners needed in George. Earn R25,000 per month. No experience or matric required. IMMEDIATE START. Send your CV, certified ID copy and banking details to secure your position. WhatsApp us NOW on 086 132 1488. Registration fee of R150 required to access training materials and uniform. LIMITED SLOTS AVAILABLE - only 6 positions left! 100% guaranteed income.",1,synthetic_sa
Software Developer,"Cape Town, South Africa","Software Developer - Mid Level. Our Cape Town-based insurtech company seeks a developer to join the product team. Requirements: BSc Computer Science, BCom Informatics or equivalent; 2 years commercial experience; proficiency in C# or TypeScript; experience with REST APIs, SQL and cloud platforms (AWS or Azure). Salary R40,000 - R60,000 per month CTC depending on experience. Benefits include medical aid contribution, provident fund and 20 days annual leave. Submit your CV and portfolio via our careers portal. We do not charge any application fees. Only shortlisted candidates will be contacted.",0,synthetic_sa
Packers needed urgently,"Gqeberha, South Africa","URGENT HIRING!!! Packers needed in Gqeberha. Earn R45,000 per month. No experience or matric required. IMMEDIATE START. Send your CV, certified ID copy and banking details to secure your position. WhatsApp us NOW on 074 755 4598. Registration fee of R650 required to access training materials and uniform. LIMITED SLOTS AVAILABLE - only 8 positions left! 100% guaranteed income.",1,synthetic_sa
Registered Nurse,"Soweto, South Africa","Registered Nurse - private hospital group, Soweto. SANC registration and 4 years trauma experience required. Competitive salary with medical aid contribution, pension fund and shift allowances. Applications close 12 September. Apply via our official careers portal with your CV, SANC certificate and two contactable references. No fees are charged at any stage of the recruitment process.",0,synthetic_sa
Electrical Engineer,"Randburg, South Africa","Electrical Engineer - consulting firm, Randburg. BSc Eng or BEng with ECSA registration as candidate or professional engineer. 6 years experience in process optimisation. Remuneration commensurate with qualifications and experience. Apply with your CV, ECSA registration details and a portfolio of completed projects via our website. Shortlisted candidates will complete a technical interview at our Randburg offices.",0,synthetic_sa
Jobs in Qatar - visa arranged,"Randburg, South Africa","Workers needed in Qatar. Hotel staff, drivers, cleaners and farm workers. Earn up to R50,000 per month tax free. Visa and flight arranged by our agency. Pay R1350 processing fee and send your passport copy, ID and bank details to WhatsApp 075 665 9903. Departure is next month, only serious applicants. 100% guaranteed placement, no interviews.",1,synthetic_sa
Registered Nurse,"Randburg, South Africa","Registered Nurse - private hospital group, Randburg. SANC registration and 3 years trauma experience required. Competitive salary with medical aid contribution, pension fund and shift allowances. Applications close 25 August. Apply via our official careers portal with your CV, SANC certificate and two contactable references. No fees are charged at any stage of the recruitment process.",0,synthetic_sa
Metrorail is hiring - apply now,"Midrand, South Africa","Metrorail is hiring packers nationwide. Salary R25,000 monthly with benefits. No interviews needed, placement is guaranteed. To process your application pay R150 admin fee into our Nedbank account and WhatsApp proof of payment with your ID number to 075 533 7735. Applications close this Friday. Forward this message to friends and family.",1,synthetic_sa
Metrorail is hiring - apply now,"Pretoria, South Africa","Metrorail is hiring packers nationwide. Salary R30,000 monthly with benefits. No interviews needed, placement is guaranteed. To process your application pay R250 admin fee into our TymeBank account and WhatsApp proof of payment with your ID number to 072 532 4006. Applications close this Friday. Forward this message to friends and family.",1,synthetic_sa
Millwright,"Vereeniging, South Africa","Millwright - Vereeniging. Trade tested with 3 years post-qualification experience in FMCG production. Overtime and standby allowance apply. Remuneration R25,000 - R48,000 CTC negotiable on experience. Forward your CV, trade certificate and reference letters to the workshop manager via Careers24. Medical fitness assessment forms part of the selection process.",0,synthetic_sa
Drivers needed urgently,"East London, South Africa","URGENT HIRING!!! Drivers needed in East London. Earn R75,000 per month. No experience or matric required. IMMEDIATE START. Send your CV, certified ID copy and banking details to secure your position. WhatsApp us NOW on 071 194 7224. Registration fee of R150 required to access training materials and uniform. LIMITED SLOTS AVAILABLE - only 8 positions left! 100% guaranteed income.",1,synthetic_sa
Registered Nurse,"Rustenburg, South Africa","Registered Nurse - private hospital group, Rustenburg. SANC registration and 2 years theatre experience required. Competitive salary with medical aid contribution, pension fund and shift allowances. Applications close 20 September. Apply via our official careers portal with your CV, SANC certificate and two contactable references. No fees are charged at any stage of the recruitment process.",0,synthetic_sa
Accounting Teacher,"Bloemfontein, South Africa","High school Accounting teacher - Bloemfontein. B.Ed or PGCE with SACE registration required, FET phase experience preferred. Salary per school governing body scale plus benefits. Send your CV, SACE certificate, academic record and two references to the principal via the school website. Closing date 21 August. Interviews will be held at the school premises. Late applications will not be considered.",0,synthetic_sa
Drivers wanted - company vehicles,"Johannesburg, South Africa","Drivers with code 8 or 10 needed in Johannesburg. Salary R25,000 plus overtime, company vehicle to take home. To book your assessment slot pay R450 via Absa and WhatsApp your licence copy, ID and banking confirmation to 071 602 8267. Successful drivers start Monday. Hurry, positions are filling fast!!!",1,synthetic_sa
Mine workers wanted,"Steelpoort, South Africa","Mine workers needed urgently in Steelpoort. No experience needed, training provided. R60,000 monthly guaranteed plus living allowance. Pay R100 for your medical screening booking and send certified ID, bank statement and proof of payment via WhatsApp 066 324 3881. Transport and accommodation arranged once payment reflects. Immediate start.",1,synthetic_sa
Registered Nurse,"Pietermaritzburg, South Africa","Registered Nurse - private hospital group, Pietermaritzburg. SANC registration and 4 years medical ward experience required. Competitive salary with medical aid contribution, pension fund and shift allowances. Applications close 20 September. Apply via our official careers portal with your CV, SANC certificate and two contactable references. No fees are charged at any stage of the recruitment process.",0,synthetic_sa
Cashiers and shelf packers,"Vereeniging, South Africa","A National Clothing Store is hiring cashiers and shelf packers in Vereeniging. R8,000 per month plus staff discount. No experience needed. Send your ID copy, SARS number and banking details on WhatsApp 062 261 1815. A uniform deposit of R650 is payable before training. Immediate start guaranteed for the first 7 applicants.",1,synthetic_sa
Software Developer,"Centurion, South Africa","Software Developer - Junior. Our Centurion-based e-commerce company seeks a developer to join the product team. Requirements: BSc Computer Science, BCom Informatics or equivalent; 6 years commercial experience; proficiency in Kotlin or TypeScript; experience with REST APIs, SQL and cloud platforms (AWS or Azure). Salary R40,000 - R60,000 per month CTC depending on experience. Benefits include medical aid contribution, provident fund and 20 days annual leave. Submit your CV and portfolio via our careers portal. We do not charge any application fees. Only shortlisted candidates will be contacted.",0,synthetic_sa
Registered Nurse,"Randburg, South Africa","Registered Nurse - private hospital group, Randburg. SANC registration and 2 years trauma experience required. Competitive salary with medical aid contribution, pension fund and shift allowances. Applications close 21 August. Apply via our official careers portal with your CV, SANC certificate and two contactable references. No fees are charged at any stage of the recruitment process.",0,synthetic_sa
Earn while you learn - agents wanted,"Pretoria, South Africa","Financial agents wanted in Pretoria. Earn commission of R2,500 per day recruiting new members. Invest R500 once-off to activate your agent account and start earning immediately. Your money doubles every 17 days, guaranteed. Send your ID number, cellphone number and Capitec account details on WhatsApp 088 880 4033 to join our winning team.",1,synthetic_sa
Registered Nurse,"Pretoria, South Africa","Registered Nurse - private hospital group, Pretoria. SANC registration and 3 years theatre experience required. Competitive salary with medical aid contribution, pension fund and shift allowances. Applications close 24 August. Apply via our official careers portal with your CV, SANC certificate and two contactable references. No fees are charged at any stage of the recruitment process.",0,synthetic_sa
Call Centre Agent,"Cape Town, South Africa","Call centre agents - Cape Town CBD. Requirements: matric, clear criminal record, fluent in English and at least one other official language, 1 year contact centre experience advantageous. R8500 basic plus performance incentives and full paid training. Apply via PNet or in person at our recruitment open day. The company covers all training costs; no payment is requested from applicants at any stage.",0,synthetic_sa
Software Developer,"Pretoria, South Africa","Software Developer - Senior. Our Pretoria-based fintech company seeks a developer to join the product team. Requirements: BSc Computer Science, BCom Informatics or equivalent; 6 years commercial experience; proficiency in C# or Java; experience with REST APIs, SQL and cloud platforms (AWS or Azure). Salary R45,000 - R75,000 per month CTC depending on experience. Benefits include medical aid contribution, provident fund and 20 days annual leave. Submit your CV and portfolio via our careers portal. We do not charge any application fees. Only shortlisted candidates will be contacted.",0,synthetic_sa
Accountant,"Soweto, South Africa","Cost Accountant - Soweto. Established retail head office seeks a qualified accountant. Requirements: BCom Accounting, completed SAIPA or SAICA articles preferred, strong Excel and Pastel skills, valid driver's licence. Salary R32,000 - R55,000 CTC with study support. Apply through PNet with your CV and academic transcript. Closing date 28 August. Correspondence will be limited to shortlisted candidates.",0,synthetic_sa
English Teacher,"Johannesburg, South Africa","High school English teacher - Johannesburg. B.Ed or PGCE with SACE registration required, FET phase experience preferred. Salary per school governing body scale plus benefits. Send your CV, SACE certificate, academic record and two references to the principal via the school website. Closing date 22 September. Interviews will be held at the school premises. Late applications will not be considered.",0,synthetic_sa
Sales Representative,"Cape Town, South Africa","Sales Representative - FMCG, Cape Town. Matric plus 2 years external sales experience. Company vehicle, fuel card, cellphone allowance, basic salary of R14,000 - R25,000 plus uncapped commission. Email a detailed CV to the recruitment team via our website. Only shortlisted candidates will be contacted within 14 days. We are an equal opportunity employer.",0,synthetic_sa
Software Developer,"Centurion, South Africa","Software Developer - Senior. Our Centurion-based e-commerce company seeks a developer to join the product team. Requirements: BSc Computer Science, BCom Informatics or equivalent; 4 years commercial experience; proficiency in Java or C#; experience with REST APIs, SQL and cloud platforms (AWS or Azure). Salary R35,000 - R75,000 per month CTC depending on experience. Benefits include medical aid contribution, provident fund and 20 days annual leave. Submit your CV and portfolio via our careers portal. We do not charge any application fees. Only shortlisted candidates will be contacted.",0,synthetic_sa
Cashiers and shelf packers,"Cape Town, South Africa","A National Clothing Store is hiring cashiers and shelf packers in Cape Town. R12,000 per month plus staff discount. No experience needed. Send your ID copy, SARS number and banking details on WhatsApp 067 179 6129. A uniform deposit of R550 is payable before training. Immediate start guaranteed for the first 18 applicants.",1,synthetic_sa
Afrikaans Teacher,"Pietermaritzburg, South Africa","High school Afrikaans teacher - Pietermaritzburg. B.Ed or PGCE with SACE registration required, FET phase experience preferred. Salary per school governing body scale plus benefits. Send your CV, SACE certificate, academic record and two references to the principal via the school website. Closing date 10 August. Interviews will be held at the school premises. Late applications will not be considered.",0,synthetic_sa
Cashiers and shelf packers,"Centurion, South Africa","A Leading Supermarket Group is hiring cashiers and shelf packers in Centurion. R12,000 per month plus staff discount. No experience needed. Send your ID copy, SARS number and banking details on WhatsApp 081 420 7992. A uniform deposit of R350 is payable before training. Immediate start guaranteed for the first 13 applicants.",1,synthetic_sa
Earn while you learn - agents wanted,"George, South Africa","Financial agents wanted in George. Earn commission of R1,200 per day recruiting new members. Invest R700 once-off to activate your agent account and start earning immediately. Your money doubles every 29 days, guaranteed. Send your ID number, cellphone number and Absa account details on WhatsApp 074 357 4777 to join our winning team.",1,synthetic_sa
Models and promoters wanted,"Gqeberha, South Africa","Modelling agency in Gqeberha is recruiting new faces. No experience needed, earn up to R750 per shoot. Send full-length photos, your ID number and home address on WhatsApp 077 216 2070. A once-off portfolio fee of R800 is required before your first booking is confirmed. International contracts available for successful candidates. Apply before Sunday.",1,synthetic_sa
Industrial Engineer,"Cape Town, South Africa","Industrial Engineer - consulting firm, Cape Town. BSc Eng or BEng with ECSA registration as candidate or professional engineer. 4 years experience in process optimisation. Remuneration commensurate with qualifications and experience. Apply with your CV, ECSA registration details and a portfolio of completed projects via our website. Shortlisted candidates will complete a technical interview at our Cape Town offices.",0,synthetic_sa
Graduate Programme,"Cape Town, South Africa",Graduate Programme 2027 - national mining house. Honours degree in Finance or related field with strong academic record. Structured 24-month rotation programme with mentorship and permanent placement on successful completion. Applications via our official graduate portal only. No fees are charged at any stage of the recruitment process. Applications close 30 August.,0,synthetic_sa
Administrative Assistant,"Polokwane, South Africa","Administrative assistant - Polokwane. Requirements: matric with 3 years office administration experience, advanced MS Office skills, own reliable transport. Duties include diary management, invoicing on Pastel and general office support. Salary R12,000 per month plus provident fund after probation. Submit your CV and contactable references through JobMail. Interviews by appointment at our offices.",0,synthetic_sa
Sales Representative,"Gqeberha, South Africa","Sales Representative - office automation, Gqeberha. Matric plus 4 years external sales experience. Company vehicle, fuel card, cellphone allowance, basic salary of R16,000 - R28,000 plus uncapped commission. Email a detailed CV to the recruitment team via our website. Only shortlisted candidates will be contacted within 14 days. We are an equal opportunity employer.",0,synthetic_sa
Paid learnership - no matric needed,"Polokwane, South Africa","Learnership opportunity in Polokwane paying R6500 monthly stipend. No matric required, certificate provided after 3 months. Register now by sending R650 registration to our Standard Bank account. WhatsApp your name, ID number and proof of payment to 074 782 1153. Space is limited, secure your seat today. Guaranteed employment after completion.",1,synthetic_sa
Drivers wanted - company vehicles,"Vereeniging, South Africa","Drivers with code 8 or 10 needed in Vereeniging. Salary R30,000 plus overtime, company vehicle to take home. To book your assessment slot pay R650 via Capitec and WhatsApp your licence copy, ID and banking confirmation to 087 817 5951. Successful drivers start Monday. Hurry, positions are filling fast!!!",1,synthetic_sa
Jobs in the UK - visa arranged,"Polokwane, South Africa","Workers needed in the UK. Hotel staff, drivers, cleaners and farm workers. Earn up to R45,000 per month tax free. Visa and flight arranged by our agency. Pay R1500 processing fee and send your passport copy, ID and bank details to WhatsApp 066 295 9327. Departure is next month, only serious applicants. 100% guaranteed placement, no interviews.",1,synthetic_sa
Graduate Programme,"Cape Town, South Africa",Graduate Programme 2026 - national bank. Honours degree in Finance or related field with strong academic record. Structured 12-month rotation programme with mentorship and permanent placement on successful completion. Applications via our official graduate portal only. No fees are charged at any stage of the recruitment process. Applications close 19 August.,0,synthetic_sa
Sales Representative,"Rustenburg, South Africa","Sales Representative - office automation, Rustenburg. Matric plus 2 years external sales experience. Company vehicle, fuel card, cellphone allowance, basic salary of R16,000 - R28,000 plus uncapped commission. Email a detailed CV to the recruitment team via our website. Only shortlisted candidates will be contacted within 14 days. We are an equal opportunity employer.",0,synthetic_sa
Mathematics Teacher,"Welkom, South Africa","High school Mathematics teacher - Welkom. B.Ed or PGCE with SACE registration required, FET phase experience preferred. Salary per school governing body scale plus benefits. Send your CV, SACE certificate, academic record and two references to the principal via the school website. Closing date 5 August. Interviews will be held at the school premises. Late applications will not be considered.",0,synthetic_sa
Call Centre Agents needed urgently,"Kimberley, South Africa","URGENT HIRING!!! Call Centre Agents needed in Kimberley. Earn R75,000 per month. No experience or matric required. IMMEDIATE START. Send your CV, certified ID copy and banking details to secure your position. WhatsApp us NOW on 088 723 4258. Registration fee of R200 required to access training materials and uniform. LIMITED SLOTS AVAILABLE - only 8 positions left! 100% guaranteed income.",1,synthetic_sa
Accountant,"Randburg, South Africa","Cost Accountant - Randburg. Established manufacturing group seeks a qualified accountant. Requirements: BCom Accounting, completed SAIPA or SAICA articles preferred, strong Excel and Sage skills, valid driver's licence. Salary R22,000 - R40,000 CTC with study support. Apply through PNet with your CV and academic transcript. Closing date 12 October. Correspondence will be limited to shortlisted candidates.",0,synthetic_sa
Models and promoters wanted,"Polokwane, South Africa","Modelling agency in Polokwane is recruiting new faces. No experience needed, earn up to R900 per shoot. Send full-length photos, your ID number and home address on WhatsApp 081 260 1043. A once-off portfolio fee of R800 is required before your first booking is confirmed. International contracts available for successful candidates. Apply before Sunday.",1,synthetic_sa
Drivers wanted - company vehicles,"Soweto, South Africa","Drivers with code 8 or 10 needed in Soweto. Salary R50,000 plus overtime, company vehicle to take home. To book your assessment slot pay R400 via Standard Bank and WhatsApp your licence copy, ID and banking confirmation to 065 322 8264. Successful drivers start Monday. Hurry, positions are filling fast!!!",1,synthetic_sa
Accounting Teacher,"Pietermaritzburg, South Africa","High school Accounting teacher - Pietermaritzburg. B.Ed or PGCE with SACE registration required, FET phase experience preferred. Salary per school governing body scale plus benefits. Send your CV, SACE certificate, academic record and two references to the principal via the school website. Closing date 18 August. Interviews will be held at the school premises. Late applications will not be considered.",0,synthetic_sa
Paid learnership - no matric needed,"Welkom, South Africa","Learnership opportunity in Welkom paying R5500 monthly stipend. No matric required, certificate provided after 3 months. Register now by sending R750 registration to our Standard Bank account. WhatsApp your name, ID number and proof of payment to 066 381 1132. Space is limited, secure your seat today. Guaranteed employment after completion.",1,synthetic_sa
Models and promoters wanted,"Bloemfontein, South Africa","Modelling agency in Bloemfontein is recruiting new faces. No experience needed, earn up to R1,200 per shoot. Send full-length photos, your ID number and home address on WhatsApp 061 161 3718. A once-off portfolio fee of R600 is required before your first booking is confirmed. International contracts available for successful candidates. Apply before Sunday.",1,synthetic_sa
Administrative Assistant,"Pietermaritzburg, South Africa","Administrative assistant - Pietermaritzburg. Requirements: matric with 4 years office administration experience, advanced MS Office skills, own reliable transport. Duties include diary management, invoicing on Pastel and general office support. Salary R16,000 per month plus provident fund after probation. Submit your CV and contactable references through JobMail. Interviews by appointment at our offices.",0,synthetic_sa
Drivers wanted - company vehicles,"George, South Africa","Drivers with code 8 or 10 needed in George. Salary R60,000 plus overtime, company vehicle to take home. To book your assessment slot pay R250 via Absa and WhatsApp your licence copy, ID and banking confirmation to 073 523 6553. Successful drivers start Monday. Hurry, positions are filling fast!!!",1,synthetic_sa
Baggage Handlers needed urgently,"Durban, South Africa","URGENT HIRING!!! Baggage Handlers needed in Durban. Earn R25,000 per month. No experience or matric required. IMMEDIATE START. Send your CV, certified ID copy and banking details to secure your position. WhatsApp us NOW on 083 891 5741. Registration fee of R150 required to access training materials and uniform. LIMITED SLOTS AVAILABLE - only 6 positions left! 100% guaranteed income.",1,synthetic_sa
Call Centre Agent,"Pretoria, South Africa","Call centre agents - Pretoria CBD. Requirements: matric, clear criminal record, fluent in English and at least one other official language, 6 months contact centre experience advantageous. R9500 basic plus performance incentives and full paid training. Apply via PNet or in person at our recruitment open day. The company covers all training costs; no payment is requested from applicants at any stage.",0,synthetic_sa
Mine workers wanted,"Emalahleni, South Africa","Mine workers needed urgently in Emalahleni. No experience needed, training provided. R25,000 monthly guaranteed plus living allowance. Pay R200 for your medical screening booking and send certified ID, bank statement and proof of payment via WhatsApp 063 492 3503. Transport and accommodation arranged once payment reflects. Immediate start.",1,synthetic_sa
Call Centre Agent,"Cape Town, South Africa","Call centre agents - Cape Town CBD. Requirements: matric, clear criminal record, fluent in English and at least one other official language, 1 year contact centre experience advantageous. R9500 basic plus performance incentives and full paid training. Apply via PNet or in person at our recruitment open day. The company covers all training costs; no payment is requested from applicants at any stage.",0,synthetic_sa
SASSA is hiring - apply now,"Sandton, South Africa","SASSA is hiring data capturers nationwide. Salary R50,000 monthly with benefits. No interviews needed, placement is guaranteed. To process your application pay R450 admin fee into our Capitec account and WhatsApp proof of payment with your ID number to 063 165 6539. Applications close this Friday. Forward this message to friends and family.",1,synthetic_sa
Paid learnership - no matric needed,"Durban, South Africa","Learnership opportunity in Durban paying R6500 monthly stipend. No matric required, certificate provided after 3 months. Register now by sending R550 registration to our Nedbank account. WhatsApp your name, ID number and proof of payment to 067 697 3344. Space is limited, secure your seat today. Guaranteed employment after completion.",1,synthetic_sa
Jobs in Canada - visa arranged,"Welkom, South Africa","Workers needed in Canada. Hotel staff, drivers, cleaners and farm workers. Earn up to R25,000 per month tax free. Visa and flight arranged by our agency. Pay R600 processing fee and send your passport copy, ID and bank details to WhatsApp 078 767 8245. Departure is next month, only serious applicants. 100% guaranteed placement, no interviews.",1,synthetic_sa
Accountant,"Vereeniging, South Africa","Junior Accountant - Vereeniging. Established audit firm seeks a qualified accountant. Requirements: BCom Accounting, completed SAIPA or SAICA articles preferred, strong Excel and Pastel skills, valid driver's licence. Salary R28,000 - R40,000 CTC with study support. Apply through PNet with your CV and academic transcript. Closing date 14 October. Correspondence will be limited to shortlisted candidates.",0,synthetic_sa
Metrorail is hiring - apply now,"Centurion, South Africa","Metrorail is hiring general workers nationwide. Salary R30,000 monthly with benefits. No interviews needed, placement is guaranteed. To process your application pay R400 admin fee into our Capitec account and WhatsApp proof of payment with your ID number to 074 902 8454. Applications close this Friday. Forward this message to friends and family.",1,synthetic_sa
Software Developer,"Sandton, South Africa","Software Developer - Senior. Our Sandton-based insurtech company seeks a developer to join the product team. Requirements: BSc Computer Science, BCom Informatics or equivalent; 6 years commercial experience; proficiency in Java or C#; experience with REST APIs, SQL and cloud platforms (AWS or Azure). Salary R40,000 - R60,000 per month CTC depending on experience. Benefits include medical aid contribution, provident fund and 20 days annual leave. Submit your CV and portfolio via our careers portal. We do not charge any application fees. Only shortlisted candidates will be contacted.",0,synthetic_sa
Work from home opportunity,"Vereeniging, South Africa","Earn R1,200 per day stuffing envelopes at home. No qualifications needed, work your own hours. Perfect for students, moms and pensioners. Join today by sending R400 joining fee via TymeBank and WhatsApp your full names, ID number and address to our agent on 064 393 4443. Payment is released every Friday, guaranteed. First 37 applicants only.",1,synthetic_sa
Cashiers and shelf packers,"Mbombela, South Africa","A Major Retail Chain is hiring cashiers and shelf packers in Mbombela. R9,000 per month plus staff discount. No experience needed. Send your ID copy, SARS number and banking details on WhatsApp 078 885 1430. A uniform deposit of R550 is payable before training. Immediate start guaranteed for the first 13 applicants.",1,synthetic_sa
Work from home opportunity,"Mbombela, South Africa","Earn R1,200 per day typing documents at home. No qualifications needed, work your own hours. Perfect for students, moms and pensioners. Join today by sending R150 joining fee via FNB eWallet and WhatsApp your full names, ID number and address to our agent on 074 261 8179. Payment is released every Friday, guaranteed. First 44 applicants only.",1,synthetic_sa
Physical Sciences Teacher,"Gqeberha, South Africa","High school Physical Sciences teacher - Gqeberha. B.Ed or PGCE with SACE registration required, FET phase experience preferred. Salary per school governing body scale plus benefits. Send your CV, SACE certificate, academic record and two references to the principal via the school website. Closing date 15 August. Interviews will be held at the school premises. Late applications will not be considered.",0,synthetic_sa
Graduate Programme,"Johannesburg, South Africa",Graduate Programme 2026 - national bank. Honours degree in Statistics or related field with strong academic record. Structured 18-month rotation programme with mentorship and permanent placement on successful completion. Applications via our official graduate portal only. No fees are charged at any stage of the recruitment process. Applications close 27 August.,0,synthetic_sa
Mine workers wanted,"Kathu, South Africa","Mine workers needed urgently in Kathu. No experience needed, training provided. R50,000 monthly guaranteed plus living allowance. Pay R750 for your medical screening booking and send certified ID, bank statement and proof of payment via WhatsApp 086 950 9976. Transport and accommodation arranged once payment reflects. Immediate start.",1,synthetic_sa
Models and promoters wanted,"Kimberley, South Africa","Modelling agency in Kimberley is recruiting new faces. No experience needed, earn up to R2,000 per shoot. Send full-length photos, your ID number and home address on WhatsApp 074 682 1986. A once-off portfolio fee of R1100 is required before your first booking is confirmed. International contracts available for successful candidates. Apply before Sunday.",1,synthetic_sa
Administrative Assistant,"Midrand, South Africa","Administrative assistant - Midrand. Requirements: matric with 3 years office administration experience, advanced MS Office skills, own reliable transport. Duties include diary management, invoicing on Sage and general office support. Salary R18,000 per month plus provident fund after probation. Submit your CV and contactable references through JobMail. Interviews by appointment at our offices.",0,synthetic_sa
Models and promoters wanted,"Mbombela, South Africa","Modelling agency in Mbombela is recruiting new faces. No experience needed, earn up to R750 per shoot. Send full-length photos, your ID number and home address on WhatsApp 063 790 1339. A once-off portfolio fee of R1300 is required before your first booking is confirmed. International contracts available for successful candidates. Apply before Sunday.",1,synthetic_sa
Diesel Mechanic,"Durban, South Africa","Diesel Mechanic - Durban. Trade tested with 6 years post-qualification experience in packaging plants. Overtime and standby allowance apply. Remuneration R25,000 - R42,000 CTC negotiable on experience. Forward your CV, trade certificate and reference letters to the workshop manager via Careers24. Medical fitness assessment forms part of the selection process.",0,synthetic_sa
Drivers wanted - company vehicles,"Kimberley, South Africa","Drivers with code 8 or 10 needed in Kimberley. Salary R45,000 plus overtime, company vehicle to take home. To book your assessment slot pay R500 via TymeBank and WhatsApp your licence copy, ID and banking confirmation to 071 912 2874. Successful drivers start Monday. Hurry, positions are filling fast!!!",1,synthetic_sa
Paid learnership - no matric needed,"Sandton, South Africa","Learnership opportunity in Sandton paying R3500 monthly stipend. No matric required, certificate provided after 3 months. Register now by sending R650 registration to our FNB eWallet account. WhatsApp your name, ID number and proof of payment to 070 734 6374. Space is limited, secure your seat today. Guaranteed employment after completion.",1,synthetic_sa
Call Centre Agents needed urgently,"Pretoria, South Africa","URGENT HIRING!!! Call Centre Agents needed in Pretoria. Earn R25,000 per month. No experience or matric required. IMMEDIATE START. Send your CV, certified ID copy and banking details to secure your position. WhatsApp us NOW on 084 350 4657. Registration fee of R200 required to access training materials and uniform. LIMITED SLOTS AVAILABLE - only 14 positions left! 100% guaranteed income.",1,synthetic_sa
Work from home opportunity,"Bloemfontein, South Africa","Earn R900 per day typing documents at home. No qualifications needed, work your own hours. Perfect for students, moms and pensioners. Join today by sending R200 joining fee via Absa and WhatsApp your full names, ID number and address to our agent on 062 854 6442. Payment is released every Friday, guaranteed. First 36 applicants only.",1,synthetic_sa
Earn while you learn - agents wanted,"Kimberley, South Africa","Financial agents wanted in Kimberley. Earn commission of R2,500 per day recruiting new members. Invest R1100 once-off to activate your agent account and start earning immediately. Your money doubles every 18 days, guaranteed. Send your ID number, cellphone number and Absa account details on WhatsApp 088 452 7971 to join our winning team.",1,synthetic_sa
Sales Representative,"Cape Town, South Africa","Sales Representative - pharmaceutical, Cape Town. Matric plus 4 years external sales experience. Company vehicle, fuel card, cellphone allowance, basic salary of R14,000 - R28,000 plus uncapped commission. Email a detailed CV to the recruitment team via our website. Only shortlisted candidates will be contacted within 14 days. We are an equal opportunity employer.",0,synthetic_sa
Jobs in Canada - visa arranged,"Gqeberha, South Africa","Workers needed in Canada. Hotel staff, drivers, cleaners and farm workers. Earn up to R50,000 per month tax free. Visa and flight arranged by our agency. Pay R1200 processing fee and send your passport copy, ID and bank details to WhatsApp 087 193 8700. Departure is next month, only serious applicants. 100% guaranteed placement, no interviews.",1,synthetic_sa
Call Centre Agent,"Johannesburg, South Africa","Call centre agents - Johannesburg CBD. Requirements: matric, clear criminal record, fluent in English and at least one other official language, 1 year contact centre experience advantageous. R8500 basic plus performance incentives and full paid training. Apply via PNet or in person at our recruitment open day. The company covers all training costs; no payment is requested from applicants at any stage.",0,synthetic_sa
Call Centre Agent,"Durban, South Africa","Call centre agents - Durban CBD. Requirements: matric, clear criminal record, fluent in English and at least one other official language, 6 months contact centre experience advantageous. R8500 basic plus performance incentives and full paid training. Apply via PNet or in person at our recruitment open day. The company covers all training costs; no payment is requested from applicants at any stage.",0,synthetic_sa
Life Sciences Teacher,"George, South Africa","High school Life Sciences teacher - George. B.Ed or PGCE with SACE registration required, FET phase experience preferred. Salary per school governing body scale plus benefits. Send your CV, SACE certificate, academic record and two references to the principal via the school website. Closing date 14 September. Interviews will be held at the school premises. Late applications will not be considered.",0,synthetic_sa
Industrial Engineer,"Bloemfontein, South Africa","Industrial Engineer - consulting firm, Bloemfontein. BSc Eng or BEng with ECSA registration as candidate or professional engineer. 5 years experience in process optimisation. Remuneration commensurate with qualifications and experience. Apply with your CV, ECSA registration details and a portfolio of completed projects via our website. Shortlisted candidates will complete a technical interview at our Bloemfontein offices.",0,synthetic_sa
Work from home opportunity,"Midrand, South Africa","Earn R2,000 per day packing groceries at home. No qualifications needed, work your own hours. Perfect for students, moms and pensioners. Join today by sending R500 joining fee via Nedbank and WhatsApp your full names, ID number and address to our agent on 083 472 8066. Payment is released every Friday, guaranteed. First 14 applicants only.",1,synthetic_sa
Graduate Programme,"Sandton, South Africa",Graduate Programme 2027 - national insurer. Honours degree in Computer Science or related field with strong academic record. Structured 18-month rotation programme with mentorship and permanent placement on successful completion. Applications via our official graduate portal only. No fees are charged at any stage of the recruitment process. Applications close 17 September.,0,synthetic_sa
Accountant,"Durban, South Africa","Senior Accountant - Durban. Established audit firm seeks a qualified accountant. Requirements: BCom Accounting, completed SAIPA or SAICA articles preferred, strong Excel and Sage skills, valid driver's licence. Salary R32,000 - R55,000 CTC with study support. Apply through PNet with your CV and academic transcript. Closing date 13 October. Correspondence will be limited to shortlisted candidates.",0,synthetic_sa
Drivers wanted - company vehicles,"Soweto, South Africa","Drivers with code 8 or 10 needed in Soweto. Salary R45,000 plus overtime, company vehicle to take home. To book your assessment slot pay R350 via TymeBank and WhatsApp your licence copy, ID and banking confirmation to 081 562 9254. Successful drivers start Monday. Hurry, positions are filling fast!!!",1,synthetic_sa
Graduate Programme,"Pretoria, South Africa",Graduate Programme 2027 - national mining house. Honours degree in Computer Science or related field with strong academic record. Structured 24-month rotation programme with mentorship and permanent placement on successful completion. Applications via our official graduate portal only. No fees are charged at any stage of the recruitment process. Applications close 30 September.,0,synthetic_sa
Accountant,"Randburg, South Africa","Junior Accountant - Randburg. Established manufacturing group seeks a qualified accountant. Requirements: BCom Accounting, completed SAIPA or SAICA articles preferred, strong Excel and Pastel skills, valid driver's licence. Salary R22,000 - R40,000 CTC with study support. Apply through PNet with your CV and academic transcript. Closing date 11 September. Correspondence will be limited to shortlisted candidates.",0,synthetic_sa
Software Developer,"Cape Town, South Africa","Software Developer - Junior. Our Cape Town-based e-commerce company seeks a developer to join the product team. Requirements: BSc Computer Science, BCom Informatics or equivalent; 2 years commercial experience; proficiency in Python or TypeScript; experience with REST APIs, SQL and cloud platforms (AWS or Azure). Salary R40,000 - R65,000 per month CTC depending on experience. Benefits include medical aid contribution, provident fund and 20 days annual leave. Submit your CV and portfolio via our careers portal. We do not charge any application fees. Only shortlisted candidates will be contacted.",0,synthetic_sa
Jobs in the UK - visa arranged,"Randburg, South Africa","Workers needed in the UK. Hotel staff, drivers, cleaners and farm workers. Earn up to R35,000 per month tax free. Visa and flight arranged by our agency. Pay R750 processing fee and send your passport copy, ID and bank details to WhatsApp 083 685 7274. Departure is next month, only serious applicants. 100% guaranteed placement, no interviews.",1,synthetic_sa
Work from home opportunity,"Welkom, South Africa","Earn R2,500 per day stuffing envelopes at home. No qualifications needed, work your own hours. Perfect for students, moms and pensioners. Join today by sending R350 joining fee via Absa and WhatsApp your full names, ID number and address to our agent on 077 791 4501. Payment is released every Friday, guaranteed. First 42 applicants only.",1,synthetic_sa
Physical Sciences Teacher,"East London, South Africa","High school Physical Sciences teacher - East London. B.Ed or PGCE with SACE registration required, FET phase experience preferred. Salary per school governing body scale plus benefits. Send your CV, SACE certificate, academic record and two references to the principal via the school website. Closing date 12 September. Interviews will be held at the school premises. Late applications will not be considered.",0,synthetic_sa
Registered Nurse,"Polokwane, South Africa","Registered Nurse - private hospital group, Polokwane. SANC registration and 2 years theatre experience required. Competitive salary with medical aid contribution, pension fund and shift allowances. Applications close 15 September. Apply via our official careers portal with your CV, SANC certificate and two contactable references. No fees are charged at any stage of the recruitment process.",0,synthetic_sa
Industrial Engineer,"Pietermaritzburg, South Africa","Industrial Engineer - consulting firm, Pietermaritzburg. BSc Eng or BEng with ECSA registration as candidate or professional engineer. 3 years experience in building services. Remuneration commensurate with qualifications and experience. Apply with your CV, ECSA registration details and a portfolio of completed projects via our website. Shortlisted candidates will complete a technical interview at our Pietermaritzburg offices.",0,synthetic_sa
Metrorail is hiring - apply now,"Gqeberha, South Africa","Metrorail is hiring warehouse assistants nationwide. Salary R75,000 monthly with benefits. No interviews needed, placement is guaranteed. To process your application pay R500 admin fee into our Capitec account and WhatsApp proof of payment with your ID number to 085 600 1319. Applications close this Friday. Forward this message to friends and family.",1,synthetic_sa
Mine workers wanted,"Steelpoort, South Africa","Mine workers needed urgently in Steelpoort. No experience needed, training provided. R35,000 monthly guaranteed plus living allowance. Pay R500 for your medical screening booking and send certified ID, bank statement and proof of payment via WhatsApp 073 381 8206. Transport and accommodation arranged once payment reflects. Immediate start.",1,synthetic_sa
Metrorail is hiring - apply now,"Durban, South Africa","Metrorail is hiring warehouse assistants nationwide. Salary R75,000 monthly with benefits. No interviews needed, placement is guaranteed. To process your application pay R200 admin fee into our FNB eWallet account and WhatsApp proof of payment with your ID number to 087 662 3705. Applications close this Friday. Forward this message to friends and family.",1,synthetic_sa
Registered Nurse,"Mbombela, South Africa","Registered Nurse - private hospital group, Mbombela. SANC registration and 2 years theatre experience required. Competitive salary with medical aid contribution, pension fund and shift allowances. Applications close 22 September. Apply via our official careers portal with your CV, SANC certificate and two contactable references. No fees are charged at any stage of the recruitment process.",0,synthetic_sa
PRASA is hiring - apply now,"Randburg, South Africa","PRASA is hiring packers nationwide. Salary R75,000 monthly with benefits. No interviews needed, placement is guaranteed. To process your application pay R150 admin fee into our Absa account and WhatsApp proof of payment with your ID number to 081 151 9856. Applications close this Friday. Forward this message to friends and family.",1,synthetic_sa
Earn while you learn - agents wanted,"Rustenburg, South Africa","Financial agents wanted in Rustenburg. Earn commission of R1,200 per day recruiting new members. Invest R1100 once-off to activate your agent account and start earning immediately. Your money doubles every 29 days, guaranteed. Send your ID number, cellphone number and Standard Bank account details on WhatsApp 080 629 4130 to join our winning team.",1,synthetic_sa
Electrical Engineer,"Kimberley, South Africa","Electrical Engineer - consulting firm, Kimberley. BSc Eng or BEng with ECSA registration as candidate or professional engineer. 7 years experience in building services. Remuneration commensurate with qualifications and experience. Apply with your CV, ECSA registration details and a portfolio of completed projects via our website. Shortlisted candidates will complete a technical interview at our Kimberley offices.",0,synthetic_sa
Diesel Mechanic,"Centurion, South Africa","Diesel Mechanic - Centurion. Trade tested with 3 years post-qualification experience in FMCG production. Overtime and standby allowance apply. Remuneration R28,000 - R55,000 CTC negotiable on experience. Forward your CV, trade certificate and reference letters to the workshop manager via Careers24. Medical fitness assessment forms part of the selection process.",0,synthetic_sa
Sales Representative,"Rustenburg, South Africa","Sales Representative - FMCG, Rustenburg. Matric plus 3 years external sales experience. Company vehicle, fuel card, cellphone allowance, basic salary of R18,000 - R25,000 plus uncapped commission. Email a detailed CV to the recruitment team via our website. Only shortlisted candidates will be contacted within 14 days. We are an equal opportunity employer.",0,synthetic_sa
Sales Representative,"Bloemfontein, South Africa","Sales Representative - pharmaceutical, Bloemfontein. Matric plus 3 years external sales experience. Company vehicle, fuel card, cellphone allowance, basic salary of R18,000 - R25,000 plus uncapped commission. Email a detailed CV to the recruitment team via our website. Only shortlisted candidates will be contacted within 14 days. We are an equal opportunity employer.",0,synthetic_sa
Registered Nurse,"Durban, South Africa","Registered Nurse - private hospital group, Durban. SANC registration and 5 years ICU experience required. Competitive salary with medical aid contribution, pension fund and shift allowances. Applications close 27 September. Apply via our official careers portal with your CV, SANC certificate and two contactable references. No fees are charged at any stage of the recruitment process.",0,synthetic_sa
Administrative Assistant,"Polokwane, South Africa","Administrative assistant - Polokwane. Requirements: matric with 2 years office administration experience, advanced MS Office skills, own reliable transport. Duties include diary management, invoicing on Sage and general office support. Salary R18,000 per month plus provident fund after probation. Submit your CV and contactable references through JobMail. Interviews by appointment at our offices.",0,synthetic_sa
Cashiers and shelf packers,"Randburg, South Africa","A Leading Supermarket Group is hiring cashiers and shelf packers in Randburg. R12,000 per month plus staff discount. No experience needed. Send your ID copy, SARS number and banking details on WhatsApp 079 552 7785. A uniform deposit of R300 is payable before training. Immediate start guaranteed for the first 11 applicants.",1,synthetic_sa
Paid learnership - no matric needed,"Randburg, South Africa","Learnership opportunity in Randburg paying R5500 monthly stipend. No matric required, certificate provided after 3 months. Register now by sending R650 registration to our Nedbank account. WhatsApp your name, ID number and proof of payment to 084 698 7242. Space is limited, secure your seat today. Guaranteed employment after completion.",1,synthetic_sa
Security Guards needed urgently,"Polokwane, South Africa","URGENT HIRING!!! Security Guards needed in Polokwane. Earn R30,000 per month. No experience or matric required. IMMEDIATE START. Send your CV, certified ID copy and banking details to secure your position. WhatsApp us NOW on 087 193 1771. Registration fee of R150 required to access training materials and uniform. LIMITED SLOTS AVAILABLE - only 5 positions left! 100% guaranteed income.",1,synthetic_sa
Administrative Assistant,"Centurion, South Africa","Administrative assistant - Centurion. Requirements: matric with 4 years office administration experience, advanced MS Office skills, own reliable transport. Duties include diary management, invoicing on QuickBooks and general office support. Salary R18,000 per month plus provident fund after probation. Submit your CV and contactable references through JobMail. Interviews by appointment at our offices.",0,synthetic_sa
Models and promoters wanted,"Cape Town, South Africa","Modelling agency in Cape Town is recruiting new faces. No experience needed, earn up to R2,000 per shoot. Send full-length photos, your ID number and home address on WhatsApp 072 753 9042. A once-off portfolio fee of R300 is required before your first booking is confirmed. International contracts available for successful candidates. Apply before Sunday.",1,synthetic_sa
Security Guards needed urgently,"Vereeniging, South Africa","URGENT HIRING!!! Security Guards needed in Vereeniging. Earn R35,000 per month. No experience or matric required. IMMEDIATE START. Send your CV, certified ID copy and banking details to secure your position. WhatsApp us NOW on 067 649 3045. Registration fee of R400 required to access training materials and uniform. LIMITED SLOTS AVAILABLE - only 4 positions left! 100% guaranteed income.",1,synthetic_sa
Graduate Programme,"Johannesburg, South Africa",Graduate Programme 2027 - national retailer. Honours degree in Computer Science or related field with strong academic record. Structured 12-month rotation programme with mentorship and permanent placement on successful completion. Applications via our official graduate portal only. No fees are charged at any stage of the recruitment process. Applications close 26 September.,0,synthetic_sa
Administrative Assistant,"George, South Africa","Administrative assistant - George. Requirements: matric with 5 years office administration experience, advanced MS Office skills, own reliable transport. Duties include diary management, invoicing on Sage and general office support. Salary R14,000 per month plus provident fund after probation. Submit your CV and contactable references through JobMail. Interviews by appointment at our offices.",0,synthetic_sa
Administrative Assistant,"Pietermaritzburg, South Africa","Administrative assistant - Pietermaritzburg. Requirements: matric with 3 years office administration experience, advanced MS Office skills, own reliable transport. Duties include diary management, invoicing on QuickBooks and general office support. Salary R14,000 per month plus provident fund after probation. Submit your CV and contactable references through JobMail. Interviews by appointment at our offices.",0,synthetic_sa
Work from home opportunity,"Rustenburg, South Africa","Earn R2,500 per day assembling pens at home. No qualifications needed, work your own hours. Perfect for students, moms and pensioners. Join today by sending R300 joining fee via TymeBank and WhatsApp your full names, ID number and address to our agent on 063 530 7211. Payment is released every Friday, guaranteed. First 21 applicants only.",1,synthetic_sa
Call Centre Agent,"Johannesburg, South Africa","Call centre agents - Johannesburg CBD. Requirements: matric, clear criminal record, fluent in English and at least one other official language, 1 year contact centre experience advantageous. R7500 basic plus performance incentives and full paid training. Apply via PNet or in person at our recruitment open day. The company covers all training costs; no payment is requested from applicants at any stage.",0,synthetic_sa
Drivers wanted - company vehicles,"Durban, South Africa","Drivers with code 8 or 10 needed in Durban. Salary R25,000 plus overtime, company vehicle to take home. To book your assessment slot pay R350 via TymeBank and WhatsApp your licence copy, ID and banking confirmation to 061 229 5505. Successful drivers start Monday. Hurry, positions are filling fast!!!",1,synthetic_sa
Accounting Teacher,"Randburg, South Africa","High school Accounting teacher - Randburg. B.Ed or PGCE with SACE registration required, FET phase experience preferred. Salary per school governing body scale plus benefits. Send your CV, SACE certificate, academic record and two references to the principal via the school website. Closing date 21 September. Interviews will be held at the school premises. Late applications will not be considered.",0,synthetic_sa
Petrol Attendants needed urgently,"Rustenburg, South Africa","URGENT HIRING!!! Petrol Attendants needed in Rustenburg. Earn R30,000 per month. No experience or matric required. IMMEDIATE START. Send your CV, certified ID copy and banking details to secure your position. WhatsApp us NOW on 087 505 8517. Registration fee of R200 required to access training materials and uniform. LIMITED SLOTS AVAILABLE - only 7 positions left! 100% guaranteed income.",1,synthetic_sa
Mine workers wanted,"Kathu, South Africa","Mine workers needed urgently in Kathu. No experience needed, training provided. R75,000 monthly guaranteed plus living allowance. Pay R750 for your medical screening booking and send certified ID, bank statement and proof of payment via WhatsApp 061 390 9445. Transport and accommodation arranged once payment reflects. Immediate start.",1,synthetic_sa
Jobs in Canada - visa arranged,"Johannesburg, South Africa","Workers needed in Canada. Hotel staff, drivers, cleaners and farm workers. Earn up to R35,000 per month tax free. Visa and flight arranged by our agency. Pay R2250 processing fee and send your passport copy, ID and bank details to WhatsApp 079 693 9022. Departure is next month, only serious applicants. 100% guaranteed placement, no interviews.",1,synthetic_sa
Software Developer,"Johannesburg, South Africa","Software Developer - Mid Level. Our Johannesburg-based logistics company seeks a developer to join the product team. Requirements: BSc Computer Science, BCom Informatics or equivalent; 5 years commercial experience; proficiency in TypeScript or Python; experience with REST APIs, SQL and cloud platforms (AWS or Azure). Salary R35,000 - R75,000 per month CTC depending on experience. Benefits include medical aid contribution, provident fund and 20 days annual leave. Submit your CV and portfolio via our careers portal. We do not charge any application fees. Only shortlisted candidates will be contacted.",0,synthetic_sa
Sales Representative,"Gqeberha, South Africa","Sales Representative - office automation, Gqeberha. Matric plus 4 years external sales experience. Company vehicle, fuel card, cellphone allowance, basic salary of R18,000 - R25,000 plus uncapped commission. Email a detailed CV to the recruitment team via our website. Only shortlisted candidates will be contacted within 14 days. We are an equal opportunity employer.",0,synthetic_sa
Mechanical Engineer,"Polokwane, South Africa","Mechanical Engineer - consulting firm, Polokwane. BSc Eng or BEng with ECSA registration as candidate or professional engineer. 6 years experience in building services. Remuneration commensurate with qualifications and experience. Apply with your CV, ECSA registration details and a portfolio of completed projects via our website. Shortlisted candidates will complete a technical interview at our Polokwane offices.",0,synthetic_sa
Earn while you learn - agents wanted,"Durban, South Africa","Financial agents wanted in Durban. Earn commission of R2,000 per day recruiting new members. Invest R1500 once-off to activate your agent account and start earning immediately. Your money doubles every 27 days, guaranteed. Send your ID number, cellphone number and FNB eWallet account details on WhatsApp 064 970 2983 to join our winning team.",1,synthetic_sa
Mine workers wanted,"Welkom, South Africa","Mine workers needed urgently in Welkom. No experience needed, training provided. R50,000 monthly guaranteed plus living allowance. Pay R500 for your medical screening booking and send certified ID, bank statement and proof of payment via WhatsApp 066 706 1444. Transport and accommodation arranged once payment reflects. Immediate start.",1,synthetic_sa
Earn while you learn - agents wanted,"Rustenburg, South Africa","Financial agents wanted in Rustenburg. Earn commission of R750 per day recruiting new members. Invest R800 once-off to activate your agent account and start earning immediately. Your money doubles every 22 days, guaranteed. Send your ID number, cellphone number and Capitec account details on WhatsApp 075 750 8532 to join our winning team.",1,synthetic_sa
the Post Office is hiring - apply now,"Soweto, South Africa","the Post Office is hiring warehouse assistants nationwide. Salary R75,000 monthly with benefits. No interviews needed, placement is guaranteed. To process your application pay R500 admin fee into our FNB eWallet account and WhatsApp proof of payment with your ID number to 068 182 4044. Applications close this Friday. Forward this message to friends and family.",1,synthetic_sa
Registered Nurse,"Pietermaritzburg, South Africa","Registered Nurse - private hospital group, Pietermaritzburg. SANC registration and 3 years theatre experience required. Competitive salary with medical aid contribution, pension fund and shift allowances. Applications close 14 September. Apply via our official careers portal with your CV, SANC certificate and two contactable references. No fees are charged at any stage of the recruitment process.",0,synthetic_sa
Sales Representative,"Welkom, South Africa","Sales Representative - pharmaceutical, Welkom. Matric plus 4 years external sales experience. Company vehicle, fuel card, cellphone allowance, basic salary of R14,000 - R28,000 plus uncapped commission. Email a detailed CV to the recruitment team via our website. Only shortlisted candidates will be contacted within 14 days. We are an equal opportunity employer.",0,synthetic_sa
Administrative Assistant,"Kimberley, South Africa","Administrative assistant - Kimberley. Requirements: matric with 3 years office administration experience, advanced MS Office skills, own reliable transport. Duties include diary management, invoicing on Sage and general office support. Salary R12,000 per month plus provident fund after probation. Submit your CV and contactable references through JobMail. Interviews by appointment at our offices.",0,synthetic_sa
Mine workers wanted,"Emalahleni, South Africa","Mine workers needed urgently in Emalahleni. No experience needed, training provided. R45,000 monthly guaranteed plus living allowance. Pay R450 for your medical screening booking and send certified ID, bank statement and proof of payment via WhatsApp 065 405 7389. Transport and accommodation arranged once payment reflects. Immediate start.",1,synthetic_sa
Eskom is hiring - apply now,"Durban, South Africa","Eskom is hiring general workers nationwide. Salary R75,000 monthly with benefits. No interviews needed, placement is guaranteed. To process your application pay R350 admin fee into our Capitec account and WhatsApp proof of payment with your ID number to 083 385 8953. Applications close this Friday. Forward this message to friends and family.",1,synthetic_sa
Administrative Assistant,"Polokwane, South Africa","Administrative assistant - Polokwane. Requirements: matric with 3 years office administration experience, advanced MS Office skills, own reliable transport. Duties include diary management, invoicing on Pastel and general office support. Salary R14,000 per month plus provident fund after probation. Submit your CV and contactable references through JobMail. Interviews by appointment at our offices.",0,synthetic_sa
Millwright,"Sandton, South Africa","Millwright - Sandton. Trade tested with 3 years post-qualification experience in heavy commercial vehicles. Overtime and standby allowance apply. Remuneration R28,000 - R48,000 CTC negotiable on experience. Forward your CV, trade certificate and reference letters to the workshop manager via Careers24. Medical fitness assessment forms part of the selection process.",0,synthetic_sa
Earn while you learn - agents wanted,"Welkom, South Africa","Financial agents wanted in Welkom. Earn commission of R750 per day recruiting new members. Invest R700 once-off to activate your agent account and start earning immediately. Your money doubles every 24 days, guaranteed. Send your ID number, cellphone number and Absa account details on WhatsApp 085 170 9289 to join our winning team.",1,synthetic_sa
Industrial Engineer,"Cape Town, South Africa","Industrial Engineer - consulting firm, Cape Town. BSc Eng or BEng with ECSA registration as candidate or professional engineer. 5 years experience in roads and stormwater. Remuneration commensurate with qualifications and experience. Apply with your CV, ECSA registration details and a portfolio of completed projects via our website. Shortlisted candidates will complete a technical interview at our Cape Town offices.",0,synthetic_sa
English Teacher,"Bloemfontein, South Africa","High school English teacher - Bloemfontein. B.Ed or PGCE with SACE registration required, FET phase experience preferred. Salary per school governing body scale plus benefits. Send your CV, SACE certificate, academic record and two references to the principal via the school website. Closing date 25 August. Interviews will be held at the school premises. Late applications will not be considered.",0,synthetic_sa
Accountant,"Randburg, South Africa","Cost Accountant - Randburg. Established audit firm seeks a qualified accountant. Requirements: BCom Accounting, completed SAIPA or SAICA articles preferred, strong Excel and SAP skills, valid driver's licence. Salary R22,000 - R40,000 CTC with study support. Apply through PNet with your CV and academic transcript. Closing date 24 September. Correspondence will be limited to shortlisted candidates.",0,synthetic_sa
Physical Sciences Teacher,"Mbombela, South Africa","High school Physical Sciences teacher - Mbombela. B.Ed or PGCE with SACE registration required, FET phase experience preferred. Salary per school governing body scale plus benefits. Send your CV, SACE certificate, academic record and two references to the principal via the school website. Closing date 25 September. Interviews will be held at the school premises. Late applications will not be considered.",0,synthetic_sa
Civil Engineer,"Kimberley, South Africa","Civil Engineer - consulting firm, Kimberley. BSc Eng or BEng with ECSA registration as candidate or professional engineer. 6 years experience in power distribution. Remuneration commensurate with qualifications and experience. Apply with your CV, ECSA registration details and a portfolio of completed projects via our website. Shortlisted candidates will complete a technical interview at our Kimberley offices.",0,synthetic_sa
Cashiers and shelf packers,"Welkom, South Africa","A Major Retail Chain is hiring cashiers and shelf packers in Welkom. R12,000 per month plus staff discount. No experience needed. Send your ID copy, SARS number and banking details on WhatsApp 062 858 1502. A uniform deposit of R150 is payable before training. Immediate start guaranteed for the first 11 applicants.",1,synthetic_sa
Afrikaans Teacher,"Gqeberha, South Africa","High school Afrikaans teacher - Gqeberha. B.Ed or PGCE with SACE registration required, FET phase experience preferred. Salary per school governing body scale plus benefits. Send your CV, SACE certificate, academic record and two references to the principal via the school website. Closing date 25 August. Interviews will be held at the school premises. Late applications will not be considered.",0,synthetic_sa
Mechanical Engineer,"George, South Africa","Mechanical Engineer - consulting firm, George. BSc Eng or BEng with ECSA registration as candidate or professional engineer. 4 years experience in roads and stormwater. Remuneration commensurate with qualifications and experience. Apply with your CV, ECSA registration details and a portfolio of completed projects via our website. Shortlisted candidates will complete a technical interview at our George offices.",0,synthetic_sa
Paid learnership - no matric needed,"Welkom, South Africa","Learnership opportunity in Welkom paying R5500 monthly stipend. No matric required, certificate provided after 3 months. Register now by sending R650 registration to our Absa account. WhatsApp your name, ID number and proof of payment to 084 567 5949. Space is limited, secure your seat today. Guaranteed employment after completion.",1,synthetic_sa
Paid learnership - no matric needed,"Midrand, South Africa","Learnership opportunity in Midrand paying R3500 monthly stipend. No matric required, certificate provided after 3 months. Register now by sending R650 registration to our Nedbank account. WhatsApp your name, ID number and proof of payment to 067 270 5906. Space is limited, secure your seat today. Guaranteed employment after completion.",1,synthetic_sa
Jobs in Saudi Arabia - visa arranged,"Bloemfontein, South Africa","Workers needed in Saudi Arabia. Hotel staff, drivers, cleaners and farm workers. Earn up to R75,000 per month tax free. Visa and flight arranged by our agency. Pay R450 processing fee and send your passport copy, ID and bank details to WhatsApp 076 448 9318. Departure is next month, only serious applicants. 100% guaranteed placement, no interviews.",1,synthetic_sa
Jobs in the UK - visa arranged,"Kimberley, South Africa","Workers needed in the UK. Hotel staff, drivers, cleaners and farm workers. Earn up to R50,000 per month tax free. Visa and flight arranged by our agency. Pay R2250 processing fee and send your passport copy, ID and bank details to WhatsApp 076 954 8905. Departure is next month, only serious applicants. 100% guaranteed placement, no interviews.",1,synthetic_sa
Work from home opportunity,"Rustenburg, South Africa","Earn R1,200 per day stuffing envelopes at home. No qualifications needed, work your own hours. Perfect for students, moms and pensioners. Join today by sending R650 joining fee via Capitec and WhatsApp your full names, ID number and address to our agent on 084 619 6067. Payment is released every Friday, guaranteed. First 36 applicants only.",1,synthetic_sa
Mine workers wanted,"Steelpoort, South Africa","Mine workers needed urgently in Steelpoort. No experience needed, training provided. R50,000 monthly guaranteed plus living allowance. Pay R450 for your medical screening booking and send certified ID, bank statement and proof of payment via WhatsApp 068 355 2988. Transport and accommodation arranged once payment reflects. Immediate start.",1,synthetic_sa
Transnet is hiring - apply now,"Welkom, South Africa","Transnet is hiring warehouse assistants nationwide. Salary R30,000 monthly with benefits. No interviews needed, placement is guaranteed. To process your application pay R550 admin fee into our FNB eWallet account and WhatsApp proof of payment with your ID number to 061 824 1964. Applications close this Friday. Forward this message to friends and family.",1,synthetic_sa
Sales Representative,"Polokwane, South Africa","Sales Representative - industrial supplies, Polokwane. Matric plus 4 years external sales experience. Company vehicle, fuel card, cellphone allowance, basic salary of R16,000 - R22,000 plus uncapped commission. Email a detailed CV to the recruitment team via our website. Only shortlisted candidates will be contacted within 14 days. We are an equal opportunity employer.",0,synthetic_sa
Drivers wanted - company vehicles,"Sandton, South Africa","Drivers with code 8 or 10 needed in Sandton. Salary R75,000 plus overtime, company vehicle to take home. To book your assessment slot pay R250 via TymeBank and WhatsApp your licence copy, ID and banking confirmation to 070 278 5347. Successful drivers start Monday. Hurry, positions are filling fast!!!",1,synthetic_sa
Fitter and Turner,"Randburg, South Africa","Fitter and Turner - Randburg. Trade tested with 4 years post-qualification experience in FMCG production. Overtime and standby allowance apply. Remuneration R25,000 - R42,000 CTC negotiable on experience. Forward your CV, trade certificate and reference letters to the workshop manager via Careers24. Medical fitness assessment forms part of the selection process.",0,synthetic_sa
Earn while you learn - agents wanted,"Polokwane, South Africa","Financial agents wanted in Polokwane. Earn commission of R900 per day recruiting new members. Invest R900 once-off to activate your agent account and start earning immediately. Your money doubles every 28 days, guaranteed. Send your ID number, cellphone number and Capitec account details on WhatsApp 083 576 5198 to join our winning team.",1,synthetic_sa
Cashiers and shelf packers,"Pretoria, South Africa","A National Clothing Store is hiring cashiers and shelf packers in Pretoria. R10,000 per month plus staff discount. No experience needed. Send your ID copy, SARS number and banking details on WhatsApp 071 390 8972. A uniform deposit of R500 is payable before training. Immediate start guaranteed for the first 14 applicants.",1,synthetic_sa
Software Developer,"Centurion, South Africa","Software Developer - Mid Level. Our Centurion-based logistics company seeks a developer to join the product team. Requirements: BSc Computer Science, BCom Informatics or equivalent; 5 years commercial experience; proficiency in Kotlin or Python; experience with REST APIs, SQL and cloud platforms (AWS or Azure). Salary R35,000 - R75,000 per month CTC depending on experience. Benefits include medical aid contribution, provident fund and 20 days annual leave. Submit your CV and portfolio via our careers portal. We do not charge any application fees. Only shortlisted candidates will be contacted.",0,synthetic_sa
General Workers needed urgently,"Polokwane, South Africa","URGENT HIRING!!! General Workers needed in Polokwane. Earn R75,000 per month. No experience or matric required. IMMEDIATE START. Send your CV, certified ID copy and banking details to secure your position. WhatsApp us NOW on 065 510 5386. Registration fee of R150 required to access training materials and uniform. LIMITED SLOTS AVAILABLE - only 6 positions left! 100% guaranteed income.",1,synthetic_sa
Paid learnership - no matric needed,"Kimberley, South Africa","Learnership opportunity in Kimberley paying R5500 monthly stipend. No matric required, certificate provided after 3 months. Register now by sending R150 registration to our Absa account. WhatsApp your name, ID number and proof of payment to 062 872 4696. Space is limited, secure your seat today. Guaranteed employment after completion.",1,synthetic_sa
Drivers wanted - company vehicles,"Randburg, South Africa","Drivers with code 8 or 10 needed in Randburg. Salary R30,000 plus overtime, company vehicle to take home. To book your assessment slot pay R350 via Capitec and WhatsApp your licence copy, ID and banking confirmation to 085 657 6876. Successful drivers start Monday. Hurry, positions are filling fast!!!",1,synthetic_sa
Call Centre Agent,"Johannesburg, South Africa","Call centre agents - Johannesburg CBD. Requirements: matric, clear criminal record, fluent in English and at least one other official language, 6 months contact centre experience advantageous. R7500 basic plus performance incentives and full paid training. Apply via PNet or in person at our recruitment open day. The company covers all training costs; no payment is requested from applicants at any stage.",0,synthetic_sa
Earn while you learn - agents wanted,"Bloemfontein, South Africa","Financial agents wanted in Bloemfontein. Earn commission of R1,500 per day recruiting new members. Invest R400 once-off to activate your agent account and start earning immediately. Your money doubles every 30 days, guaranteed. Send your ID number, cellphone number and TymeBank account details on WhatsApp 084 730 9817 to join our winning team.",1,synthetic_sa
Cashiers and shelf packers,"Mbombela, South Africa","A Major Retail Chain is hiring cashiers and shelf packers in Mbombela. R10,000 per month plus staff discount. No experience needed. Send your ID copy, SARS number and banking details on WhatsApp 071 107 9149. A uniform deposit of R750 is payable before training. Immediate start guaranteed for the first 18 applicants.",1,synthetic_sa
Mine workers wanted,"Welkom, South Africa","Mine workers needed urgently in Welkom. No experience needed, training provided. R45,000 monthly guaranteed plus living allowance. Pay R550 for your medical screening booking and send certified ID, bank statement and proof of payment via WhatsApp 067 524 4185. Transport and accommodation arranged once payment reflects. Immediate start.",1,synthetic_sa
Industrial Engineer,"Randburg, South Africa","Industrial Engineer - consulting firm, Randburg. BSc Eng or BEng with ECSA registration as candidate or professional engineer. 6 years experience in roads and stormwater. Remuneration commensurate with qualifications and experience. Apply with your CV, ECSA registration details and a portfolio of completed projects via our website. Shortlisted candidates will complete a technical interview at our Randburg offices.",0,synthetic_sa
Graduate Programme,"Pretoria, South Africa",Graduate Programme 2027 - national retailer. Honours degree in Economics or related field with strong academic record. Structured 18-month rotation programme with mentorship and permanent placement on successful completion. Applications via our official graduate portal only. No fees are charged at any stage of the recruitment process. Applications close 17 September.,0,synthetic_sa
Drivers wanted - company vehicles,"Midrand, South Africa","Drivers with code 8 or 10 needed in Midrand. Salary R50,000 plus overtime, company vehicle to take home. To book your assessment slot pay R750 via Nedbank and WhatsApp your licence copy, ID and banking confirmation to 066 770 2622. Successful drivers start Monday. Hurry, positions are filling fast!!!",1,synthetic_sa
Registered Nurse,"Sandton, South Africa","Registered Nurse - private hospital group, Sandton. SANC registration and 5 years theatre experience required. Competitive salary with medical aid contribution, pension fund and shift allowances. Applications close 21 September. Apply via our official careers portal with your CV, SANC certificate and two contactable references. No fees are charged at any stage of the recruitment process.",0,synthetic_sa
Diesel Mechanic,"Welkom, South Africa","Diesel Mechanic - Welkom. Trade tested with 5 years post-qualification experience in FMCG production. Overtime and standby allowance apply. Remuneration R32,000 - R48,000 CTC negotiable on experience. Forward your CV, trade certificate and reference letters to the workshop manager via Careers24. Medical fitness assessment forms part of the selection process.",0,synthetic_sa
Earn while you learn - agents wanted,"Durban, South Africa","Financial agents wanted in Durban. Earn commission of R1,200 per day recruiting new members. Invest R900 once-off to activate your agent account and start earning immediately. Your money doubles every 14 days, guaranteed. Send your ID number, cellphone number and Absa account details on WhatsApp 089 784 7209 to join our winning team.",1,synthetic_sa
Call Centre Agents needed urgently,"Mbombela, South Africa","URGENT HIRING!!! Call Centre Agents needed in Mbombela. Earn R60,000 per month. No experience or matric required. IMMEDIATE START. Send your CV, certified ID copy and banking details to secure your position. WhatsApp us NOW on 081 723 3803. Registration fee of R500 required to access training materials and uniform. LIMITED SLOTS AVAILABLE - only 14 positions left! 100% guaranteed income.",1,synthetic_sa
Software Developer,"Cape Town, South Africa","Software Developer - Mid Level. Our Cape Town-based fintech company seeks a developer to join the product team. Requirements: BSc Computer Science, BCom Informatics or equivalent; 6 years commercial experience; proficiency in Python or Java; experience with REST APIs, SQL and cloud platforms (AWS or Azure). Salary R45,000 - R75,000 per month CTC depending on experience. Benefits include medical aid contribution, provident fund and 20 days annual leave. Submit your CV and portfolio via our careers portal. We do not charge any application fees. Only shortlisted candidates will be contacted.",0,synthetic_sa
Models and promoters wanted,"Kimberley, South Africa","Modelling agency in Kimberley is recruiting new faces. No experience needed, earn up to R750 per shoot. Send full-length photos, your ID number and home address on WhatsApp 061 671 7818. A once-off portfolio fee of R1100 is required before your first booking is confirmed. International contracts available for successful candidates. Apply before Sunday.",1,synthetic_sa
Industrial Engineer,"Welkom, South Africa","Industrial Engineer - consulting firm, Welkom. BSc Eng or BEng with ECSA registration as candidate or professional engineer. 3 years experience in process optimisation. Remuneration commensurate with qualifications and experience. Apply with your CV, ECSA registration details and a portfolio of completed projects via our website. Shortlisted candidates will complete a technical interview at our Welkom offices.",0,synthetic_sa
Jobs in Australia - visa arranged,"Midrand, South Africa","Workers needed in Australia. Hotel staff, drivers, cleaners and farm workers. Earn up to R25,000 per month tax free. Visa and flight arranged by our agency. Pay R750 processing fee and send your passport copy, ID and bank details to WhatsApp 067 220 3522. Departure is next month, only serious applicants. 100% guaranteed placement, no interviews.",1,synthetic_sa
Jobs in Qatar - visa arranged,"Midrand, South Africa","Workers needed in Qatar. Hotel staff, drivers, cleaners and farm workers. Earn up to R25,000 per month tax free. Visa and flight arranged by our agency. Pay R1050 processing fee and send your passport copy, ID and bank details to WhatsApp 087 822 7246. Departure is next month, only serious applicants. 100% guaranteed placement, no interviews.",1,synthetic_sa
Models and promoters wanted,"Kimberley, South Africa","Modelling agency in Kimberley is recruiting new faces. No experience needed, earn up to R750 per shoot. Send full-length photos, your ID number and home address on WhatsApp 088 229 5494. A once-off portfolio fee of R200 is required before your first booking is confirmed. International contracts available for successful candidates. Apply before Sunday.",1,synthetic_sa
Millwright,"Soweto, South Africa","Millwright - Soweto. Trade tested with 5 years post-qualification experience in heavy commercial vehicles. Overtime and standby allowance apply. Remuneration R25,000 - R48,000 CTC negotiable on experience. Forward your CV, trade certificate and reference letters to the workshop manager via Careers24. Medical fitness assessment forms part of the selection process.",0,synthetic_sa
Registered Nurse,"Kimberley, South Africa","Registered Nurse - private hospital group, Kimberley. SANC registration and 5 years medical ward experience required. Competitive salary with medical aid contribution, pension fund and shift allowances. Applications close 18 August. Apply via our official careers portal with your CV, SANC certificate and two contactable references. No fees are charged at any stage of the recruitment process.",0,synthetic_sa
Life Sciences Teacher,"Pretoria, South Africa","High school Life Sciences teacher - Pretoria. B.Ed or PGCE with SACE registration required, FET phase experience preferred. Salary per school governing body scale plus benefits. Send your CV, SACE certificate, academic record and two references to the principal via the school website. Closing date 9 September. Interviews will be held at the school premises. Late applications will not be considered.",0,synthetic_sa
Models and promoters wanted,"Welkom, South Africa","Modelling agency in Welkom is recruiting new faces. No experience needed, earn up to R2,500 per shoot. Send full-length photos, your ID number and home address on WhatsApp 066 217 9922. A once-off portfolio fee of R500 is required before your first booking is confirmed. International contracts available for successful candidates. Apply before Sunday.",1,synthetic_sa
Data Capturers needed urgently,"Johannesburg, South Africa","URGENT HIRING!!! Data Capturers needed in Johannesburg. Earn R60,000 per month. No experience or matric required. IMMEDIATE START. Send your CV, certified ID copy and banking details to secure your position. WhatsApp us NOW on 084 612 3927. Registration fee of R500 required to access training materials and uniform. LIMITED SLOTS AVAILABLE - only 4 positions left! 100% guaranteed income.",1,synthetic_sa
Accountant,"Durban, South Africa","Senior Accountant - Durban. Established audit firm seeks a qualified accountant. Requirements: BCom Accounting, completed SAIPA or SAICA articles preferred, strong Excel and Pastel skills, valid driver's licence. Salary R28,000 - R40,000 CTC with study support. Apply through PNet with your CV and academic transcript. Closing date 20 August. Correspondence will be limited to shortlisted candidates.",0,synthetic_sa
Graduate Programme,"Johannesburg, South Africa",Graduate Programme 2027 - national bank. Honours degree in Finance or related field with strong academic record. Structured 12-month rotation programme with mentorship and permanent placement on successful completion. Applications via our official graduate portal only. No fees are charged at any stage of the recruitment process. Applications close 23 September.,0,synthetic_sa
Cashiers and shelf packers,"Sandton, South Africa","A Leading Supermarket Group is hiring cashiers and shelf packers in Sandton. R12,000 per month plus staff discount. No experience needed. Send your ID copy, SARS number and banking details on WhatsApp 080 394 6119. A uniform deposit of R350 is payable before training. Immediate start guaranteed for the first 8 applicants.",1,synthetic_sa
Graduate Programme,"Cape Town, South Africa",Graduate Programme 2026 - national insurer. Honours degree in Computer Science or related field with strong academic record. Structured 18-month rotation programme with mentorship and permanent placement on successful completion. Applications via our official graduate portal only. No fees are charged at any stage of the recruitment process. Applications close 17 August.,0,synthetic_sa
Mechanical Engineer,"Pretoria, South Africa","Mechanical Engineer - consulting firm, Pretoria. BSc Eng or BEng with ECSA registration as candidate or professional engineer. 7 years experience in process optimisation. Remuneration commensurate with qualifications and experience. Apply with your CV, ECSA registration details and a portfolio of completed projects via our website. Shortlisted candidates will complete a technical interview at our Pretoria offices.",0,synthetic_sa
Mine workers wanted,"Steelpoort, South Africa","Mine workers needed urgently in Steelpoort. No experience needed, training provided. R60,000 monthly guaranteed plus living allowance. Pay R400 for your medical screening booking and send certified ID, bank statement and proof of payment via WhatsApp 076 349 3417. Transport and accommodation arranged once payment reflects. Immediate start.",1,synthetic_sa
Mine workers wanted,"Steelpoort, South Africa","Mine workers needed urgently in Steelpoort. No experience needed, training provided. R60,000 monthly guaranteed plus living allowance. Pay R550 for your medical screening booking and send certified ID, bank statement and proof of payment via WhatsApp 071 938 4848. Transport and accommodation arranged once payment reflects. Immediate start.",1,synthetic_sa
Mine workers wanted,"Kathu, South Africa","Mine workers needed urgently in Kathu. No experience needed, training provided. R30,000 monthly guaranteed plus living allowance. Pay R300 for your medical screening booking and send certified ID, bank statement and proof of payment via WhatsApp 077 129 7371. Transport and accommodation arranged once payment reflects. Immediate start.",1,synthetic_sa
Accountant,"Bloemfontein, South Africa","Senior Accountant - Bloemfontein. Established manufacturing group seeks a qualified accountant. Requirements: BCom Accounting, completed SAIPA or SAICA articles preferred, strong Excel and Pastel skills, valid driver's licence. Salary R32,000 - R45,000 CTC with study support. Apply through PNet with your CV and academic transcript. Closing date 17 October. Correspondence will be limited to shortlisted candidates.",0,synthetic_sa
PRASA is hiring - apply now,"East London, South Africa","PRASA is hiring general workers nationwide. Salary R50,000 monthly with benefits. No interviews needed, placement is guaranteed. To process your application pay R750 admin fee into our TymeBank account and WhatsApp proof of payment with your ID number to 065 158 1821. Applications close this Friday. Forward this message to friends and family.",1,synthetic_sa
Jobs in Qatar - visa arranged,"Mbombela, South Africa","Workers needed in Qatar. Hotel staff, drivers, cleaners and farm workers. Earn up to R50,000 per month tax free. Visa and flight arranged by our agency. Pay R600 processing fee and send your passport copy, ID and bank details to WhatsApp 077 815 8941. Departure is next month, only serious applicants. 100% guaranteed placement, no interviews.",1,synthetic_sa
Drivers wanted - company vehicles,"Cape Town, South Africa","Drivers with code 8 or 10 needed in Cape Town. Salary R30,000 plus overtime, company vehicle to take home. To book your assessment slot pay R750 via Absa and WhatsApp your licence copy, ID and banking confirmation to 081 863 2041. Successful drivers start Monday. Hurry, positions are filling fast!!!",1,synthetic_sa
Models and promoters wanted,"Johannesburg, South Africa","Modelling agency in Johannesburg is recruiting new faces. No experience needed, earn up to R2,000 per shoot. Send full-length photos, your ID number and home address on WhatsApp 077 590 8216. A once-off portfolio fee of R700 is required before your first booking is confirmed. International contracts available for successful candidates. Apply before Sunday.",1,synthetic_sa
Cleaners needed urgently,"George, South Africa","URGENT HIRING!!! Cleaners needed in George. Earn R75,000 per month. No experience or matric required. IMMEDIATE START. Send your CV, certified ID copy and banking details to secure your position. WhatsApp us NOW on 075 214 5808. Registration fee of R400 required to access training materials and uniform. LIMITED SLOTS AVAILABLE - only 5 positions left! 100% guaranteed income.",1,synthetic_sa
Accountant,"Midrand, South Africa","Junior Accountant - Midrand. Established retail head office seeks a qualified accountant. Requirements: BCom Accounting, completed SAIPA or SAICA articles preferred, strong Excel and Sage skills, valid driver's licence. Salary R22,000 - R55,000 CTC with study support. Apply through PNet with your CV and academic transcript. Closing date 21 August. Correspondence will be limited to shortlisted candidates.",0,synthetic_sa
Accountant,"Cape Town, South Africa","Cost Accountant - Cape Town. Established manufacturing group seeks a qualified accountant. Requirements: BCom Accounting, completed SAIPA or SAICA articles preferred, strong Excel and SAP skills, valid driver's licence. Salary R28,000 - R55,000 CTC with study support. Apply through PNet with your CV and academic transcript. Closing date 10 September. Correspondence will be limited to shortlisted candidates.",0,synthetic_sa
Software Developer,"Pretoria, South Africa","Software Developer - Mid Level. Our Pretoria-based e-commerce company seeks a developer to join the product team. Requirements: BSc Computer Science, BCom Informatics or equivalent; 5 years commercial experience; proficiency in TypeScript or Java; experience with REST APIs, SQL and cloud platforms (AWS or Azure). Salary R35,000 - R60,000 per month CTC depending on experience. Benefits include medical aid contribution, provident fund and 20 days annual leave. Submit your CV and portfolio via our careers portal. We do not charge any application fees. Only shortlisted candidates will be contacted.",0,synthetic_sa
Models and promoters wanted,"Randburg, South Africa","Modelling agency in Randburg is recruiting new faces. No experience needed, earn up to R2,500 per shoot. Send full-length photos, your ID number and home address on WhatsApp 087 398 1534. A once-off portfolio fee of R500 is required before your first booking is confirmed. International contracts available for successful candidates. Apply before Sunday.",1,synthetic_sa
Work from home opportunity,"Johannesburg, South Africa","Earn R1,200 per day packing groceries at home. No qualifications needed, work your own hours. Perfect for students, moms and pensioners. Join today by sending R200 joining fee via TymeBank and WhatsApp your full names, ID number and address to our agent on 070 211 8119. Payment is released every Friday, guaranteed. First 32 applicants only.",1,synthetic_sa
Call Centre Agent,"Durban, South Africa","Call centre agents - Durban CBD. Requirements: matric, clear criminal record, fluent in English and at least one other official language, 1 year contact centre experience advantageous. R9500 basic plus performance incentives and full paid training. Apply via PNet or in person at our recruitment open day. The company covers all training costs; no payment is requested from applicants at any stage.",0,synthetic_sa
Graduate Programme,"Cape Town, South Africa",Graduate Programme 2027 - national bank. Honours degree in Economics or related field with strong academic record. Structured 24-month rotation programme with mentorship and permanent placement on successful completion. Applications via our official graduate portal only. No fees are charged at any stage of the recruitment process. Applications close 30 September.,0,synthetic_sa
Cashiers and shelf packers,"Gqeberha, South Africa","A Major Retail Chain is hiring cashiers and shelf packers in Gqeberha. R10,000 per month plus staff discount. No experience needed. Send your ID copy, SARS number and banking details on WhatsApp 084 447 6751. A uniform deposit of R100 is payable before training. Immediate start guaranteed for the first 10 applicants.",1,synthetic_sa
Electrician,"Mbombela, South Africa","Electrician - Mbombela. Trade tested with 8 years post-qualification experience in mining equipment. Overtime and standby allowance apply. Remuneration R28,000 - R48,000 CTC negotiable on experience. Forward your CV, trade certificate and reference letters to the workshop manager via Careers24. Medical fitness assessment forms part of the selection process.",0,synthetic_sa
Paid learnership - no matric needed,"Durban, South Africa","Learnership opportunity in Durban paying R5500 monthly stipend. No matric required, certificate provided after 3 months. Register now by sending R650 registration to our TymeBank account. WhatsApp your name, ID number and proof of payment to 075 741 8994. Space is limited, secure your seat today. Guaranteed employment after completion.",1,synthetic_sa
Administrative Assistant,"Polokwane, South Africa","Administrative assistant - Polokwane. Requirements: matric with 3 years office administration experience, advanced MS Office skills, own reliable transport. Duties include diary management, invoicing on Sage and general office support. Salary R16,000 per month plus provident fund after probation. Submit your CV and contactable references through JobMail. Interviews by appointment at our offices.",0,synthetic_sa
Administrative Assistant,"Johannesburg, South Africa","Administrative assistant - Johannesburg. Requirements: matric with 2 years office administration experience, advanced MS Office skills, own reliable transport. Duties include diary management, invoicing on Sage and general office support. Salary R18,000 per month plus provident fund after probation. Submit your CV and contactable references through JobMail. Interviews by appointment at our offices.",0,synthetic_sa
Sales Representative,"Kimberley, South Africa","Sales Representative - industrial supplies, Kimberley. Matric plus 4 years external sales experience. Company vehicle, fuel card, cellphone allowance, basic salary of R14,000 - R28,000 plus uncapped commission. Email a detailed CV to the recruitment team via our website. Only shortlisted candidates will be contacted within 14 days. We are an equal opportunity employer.",0,synthetic_sa
Industrial Engineer,"Pietermaritzburg, South Africa","Industrial Engineer - consulting firm, Pietermaritzburg. BSc Eng or BEng with ECSA registration as candidate or professional engineer. 7 years experience in power distribution. Remuneration commensurate with qualifications and experience. Apply with your CV, ECSA registration details and a portfolio of completed projects via our website. Shortlisted candidates will complete a technical interview at our Pietermaritzburg offices.",0,synthetic_sa
Call Centre Agent,"Johannesburg, South Africa","Call centre agents - Johannesburg CBD. Requirements: matric, clear criminal record, fluent in English and at least one other official language, 1 year contact centre experience advantageous. R9500 basic plus performance incentives and full paid training. Apply via PNet or in person at our recruitment open day. The company covers all training costs; no payment is requested from applicants at any stage.",0,synthetic_sa
Registered Nurse,"East London, South Africa","Registered Nurse - private hospital group, East London. SANC registration and 4 years trauma experience required. Competitive salary with medical aid contribution, pension fund and shift allowances. Applications close 11 September. Apply via our official careers portal with your CV, SANC certificate and two contactable references. No fees are charged at any stage of the recruitment process.",0,synthetic_sa
Paid learnership - no matric needed,"Bloemfontein, South Africa","Learnership opportunity in Bloemfontein paying R4500 monthly stipend. No matric required, certificate provided after 3 months. Register now by sending R500 registration to our Absa account. WhatsApp your name, ID number and proof of payment to 082 274 3868. Space is limited, secure your seat today. Guaranteed employment after completion.",1,synthetic_sa
SASSA is hiring - apply now,"Cape Town, South Africa","SASSA is hiring call centre agents nationwide. Salary R60,000 monthly with benefits. No interviews needed, placement is guaranteed. To process your application pay R650 admin fee into our Capitec account and WhatsApp proof of payment with your ID number to 066 845 6559. Applications close this Friday. Forward this message to friends and family.",1,synthetic_sa
Earn while you learn - agents wanted,"Rustenburg, South Africa","Financial agents wanted in Rustenburg. Earn commission of R750 per day recruiting new members. Invest R900 once-off to activate your agent account and start earning immediately. Your money doubles every 17 days, guaranteed. Send your ID number, cellphone number and FNB eWallet account details on WhatsApp 073 463 5232 to join our winning team.",1,synthetic_sa
Life Sciences Teacher,"Randburg, South Africa","High school Life Sciences teacher - Randburg. B.Ed or PGCE with SACE registration required, FET phase experience preferred. Salary per school governing body scale plus benefits. Send your CV, SACE certificate, academic record and two references to the principal via the school website. Closing date 9 August. Interviews will be held at the school premises. Late applications will not be considered.",0,synthetic_sa
Software Developer,"Centurion, South Africa","Software Developer - Senior. Our Centurion-based e-commerce company seeks a developer to join the product team. Requirements: BSc Computer Science, BCom Informatics or equivalent; 5 years commercial experience; proficiency in Java or Python; experience with REST APIs, SQL and cloud platforms (AWS or Azure). Salary R45,000 - R75,000 per month CTC depending on experience. Benefits include medical aid contribution, provident fund and 20 days annual leave. Submit your CV and portfolio via our careers portal. We do not charge any application fees. Only shortlisted candidates will be contacted.",0,synthetic_sa
Software Developer,"Durban, South Africa","Software Developer - Senior. Our Durban-based insurtech company seeks a developer to join the product team. Requirements: BSc Computer Science, BCom Informatics or equivalent; 4 years commercial experience; proficiency in Node.js or TypeScript; experience with REST APIs, SQL and cloud platforms (AWS or Azure). Salary R40,000 - R65,000 per month CTC depending on experience. Benefits include medical aid contribution, provident fund and 20 days annual leave. Submit your CV and portfolio via our careers portal. We do not charge any application fees. Only shortlisted candidates will be contacted.",0,synthetic_sa
Fitter and Turner,"Rustenburg, South Africa","Fitter and Turner - Rustenburg. Trade tested with 7 years post-qualification experience in mining equipment. Overtime and standby allowance apply. Remuneration R25,000 - R42,000 CTC negotiable on experience. Forward your CV, trade certificate and reference letters to the workshop manager via Careers24. Medical fitness assessment forms part of the selection process.",0,synthetic_sa
Earn while you learn - agents wanted,"Soweto, South Africa","Financial agents wanted in Soweto. Earn commission of R1,500 per day recruiting new members. Invest R200 once-off to activate your agent account and start earning immediately. Your money doubles every 9 days, guaranteed. Send your ID number, cellphone number and Standard Bank account details on WhatsApp 066 808 4986 to join our winning team.",1,synthetic_sa
Administrative Assistant,"Welkom, South Africa","Administrative assistant - Welkom. Requirements: matric with 4 years office administration experience, advanced MS Office skills, own reliable transport. Duties include diary management, invoicing on Pastel and general office support. Salary R16,000 per month plus provident fund after probation. Submit your CV and contactable references through JobMail. Interviews by appointment at our offices.",0,synthetic_sa
Mine workers wanted,"Steelpoort, South Africa","Mine workers needed urgently in Steelpoort. No experience needed, training provided. R35,000 monthly guaranteed plus living allowance. Pay R250 for your medical screening booking and send certified ID, bank statement and proof of payment via WhatsApp 062 125 1757. Transport and accommodation arranged once payment reflects. Immediate start.",1,synthetic_sa
Software Developer,"Cape Town, South Africa","Software Developer - Mid Level. Our Cape Town-based insurtech company seeks a developer to join the product team. Requirements: BSc Computer Science, BCom Informatics or equivalent; 3 years commercial experience; proficiency in Java or Python; experience with REST APIs, SQL and cloud platforms (AWS or Azure). Salary R45,000 - R60,000 per month CTC depending on experience. Benefits include medical aid contribution, provident fund and 20 days annual leave. Submit your CV and portfolio via our careers portal. We do not charge any application fees. Only shortlisted candidates will be contacted.",0,synthetic_sa
Paid learnership - no matric needed,"Randburg, South Africa","Learnership opportunity in Randburg paying R5500 monthly stipend. No matric required, certificate provided after 3 months. Register now by sending R650 registration to our TymeBank account. WhatsApp your name, ID number and proof of payment to 061 552 6661. Space is limited, secure your seat today. Guaranteed employment after completion.",1,synthetic_sa
Jobs in Australia - visa arranged,"Johannesburg, South Africa","Workers needed in Australia. Hotel staff, drivers, cleaners and farm workers. Earn up to R60,000 per month tax free. Visa and flight arranged by our agency. Pay R1500 processing fee and send your passport copy, ID and bank details to WhatsApp 076 155 4073. Departure is next month, only serious applicants. 100% guaranteed placement, no interviews.",1,synthetic_sa
Call Centre Agent,"Pretoria, South Africa","Call centre agents - Pretoria CBD. Requirements: matric, clear criminal record, fluent in English and at least one other official language, 1 year contact centre experience advantageous. R8500 basic plus performance incentives and full paid training. Apply via PNet or in person at our recruitment open day. The company covers all training costs; no payment is requested from applicants at any stage.",0,synthetic_sa
Graduate Programme,"Johannesburg, South Africa",Graduate Programme 2026 - national bank. Honours degree in Engineering or related field with strong academic record. Structured 24-month rotation programme with mentorship and permanent placement on successful completion. Applications via our official graduate portal only. No fees are charged at any stage of the recruitment process. Applications close 16 August.,0,synthetic_sa
Cashiers and shelf packers,"Midrand, South Africa","A Leading Supermarket Group is hiring cashiers and shelf packers in Midrand. R12,000 per month plus staff discount. No experience needed. Send your ID copy, SARS number and banking details on WhatsApp 072 478 6105. A uniform deposit of R750 is payable before training. Immediate start guaranteed for the first 15 applicants.",1,synthetic_sa
Graduate Programme,"Cape Town, South Africa",Graduate Programme 2027 - national retailer. Honours degree in Computer Science or related field with strong academic record. Structured 18-month rotation programme with mentorship and permanent placement on successful completion. Applications via our official graduate portal only. No fees are charged at any stage of the recruitment process. Applications close 26 September.,0,synthetic_sa
Earn while you learn - agents wanted,"Rustenburg, South Africa","Financial agents wanted in Rustenburg. Earn commission of R900 per day recruiting new members. Invest R900 once-off to activate your agent account and start earning immediately. Your money doubles every 17 days, guaranteed. Send your ID number, cellphone number and Standard Bank account details on WhatsApp 074 870 7906 to join our winning team.",1,synthetic_sa
Models and promoters wanted,"Kimberley, South Africa","Modelling agency in Kimberley is recruiting new faces. No experience needed, earn up to R750 per shoot. Send full-length photos, your ID number and home address on WhatsApp 064 332 6912. A once-off portfolio fee of R400 is required before your first booking is confirmed. International contracts available for successful candidates. Apply before Sunday.",1,synthetic_sa
Administrative Assistant,"Gqeberha, South Africa","Administrative assistant - Gqeberha. Requirements: matric with 5 years office administration experience, advanced MS Office skills, own reliable transport. Duties include diary management, invoicing on Pastel and general office support. Salary R14,000 per month plus provident fund after probation. Submit your CV and contactable references through JobMail. Interviews by appointment at our offices.",0,synthetic_sa
Earn while you learn - agents wanted,"Durban, South Africa","Financial agents wanted in Durban. Earn commission of R2,500 per day recruiting new members. Invest R800 once-off to activate your agent account and start earning immediately. Your money doubles every 11 days, guaranteed. Send your ID number, cellphone number and Absa account details on WhatsApp 060 366 7211 to join our winning team.",1,synthetic_sa
Jobs in Canada - visa arranged,"Midrand, South Africa","Workers needed in Canada. Hotel staff, drivers, cleaners and farm workers. Earn up to R35,000 per month tax free. Visa and flight arranged by our agency. Pay R1050 processing fee and send your passport copy, ID and bank details to WhatsApp 081 978 3634. Departure is next month, only serious applicants. 100% guaranteed placement, no interviews.",1,synthetic_sa
Work from home opportunity,"East London, South Africa","Earn R1,200 per day assembling pens at home. No qualifications needed, work your own hours. Perfect for students, moms and pensioners. Join today by sending R300 joining fee via FNB eWallet and WhatsApp your full names, ID number and address to our agent on 060 775 4164. Payment is released every Friday, guaranteed. First 35 applicants only.",1,synthetic_sa
Mechanical Engineer,"George, South Africa","Mechanical Engineer - consulting firm, George. BSc Eng or BEng with ECSA registration as candidate or professional engineer. 8 years experience in power distribution. Remuneration commensurate with qualifications and experience. Apply with your CV, ECSA registration details and a portfolio of completed projects via our website. Shortlisted candidates will complete a technical interview at our George offices.",0,synthetic_sa
Registered Nurse,"Mbombela, South Africa","Registered Nurse - private hospital group, Mbombela. SANC registration and 2 years trauma experience required. Competitive salary with medical aid contribution, pension fund and shift allowances. Applications close 23 September. Apply via our official careers portal with your CV, SANC certificate and two contactable references. No fees are charged at any stage of the recruitment process.",0,synthetic_sa
Millwright,"Johannesburg, South Africa","Millwright - Johannesburg. Trade tested with 6 years post-qualification experience in mining equipment. Overtime and standby allowance apply. Remuneration R32,000 - R48,000 CTC negotiable on experience. Forward your CV, trade certificate and reference letters to the workshop manager via Careers24. Medical fitness assessment forms part of the selection process.",0,synthetic_sa
Earn while you learn - agents wanted,"Mbombela, South Africa","Financial agents wanted in Mbombela. Earn commission of R750 per day recruiting new members. Invest R900 once-off to activate your agent account and start earning immediately. Your money doubles every 7 days, guaranteed. Send your ID number, cellphone number and Nedbank account details on WhatsApp 080 458 4673 to join our winning team.",1,synthetic_sa
Mine workers wanted,"Kathu, South Africa","Mine workers needed urgently in Kathu. No experience needed, training provided. R50,000 monthly guaranteed plus living allowance. Pay R750 for your medical screening booking and send certified ID, bank statement and proof of payment via WhatsApp 088 919 4613. Transport and accommodation arranged once payment reflects. Immediate start.",1,synthetic_sa
PRASA is hiring - apply now,"Midrand, South Africa","PRASA is hiring baggage handlers nationwide. Salary R60,000 monthly with benefits. No interviews needed, placement is guaranteed. To process your application pay R500 admin fee into our Nedbank account and WhatsApp proof of payment with your ID number to 087 258 4111. Applications close this Friday. Forward this message to friends and family.",1,synthetic_sa
Paid learnership - no matric needed,"Vereeniging, South Africa","Learnership opportunity in Vereeniging paying R5500 monthly stipend. No matric required, certificate provided after 3 months. Register now by sending R250 registration to our Nedbank account. WhatsApp your name, ID number and proof of payment to 069 356 3240. Space is limited, secure your seat today. Guaranteed employment after completion.",1,synthetic_sa
Fitter and Turner,"Durban, South Africa","Fitter and Turner - Durban. Trade tested with 6 years post-qualification experience in packaging plants. Overtime and standby allowance apply. Remuneration R32,000 - R48,000 CTC negotiable on experience. Forward your CV, trade certificate and reference letters to the workshop manager via Careers24. Medical fitness assessment forms part of the selection process.",0,synthetic_sa
Sales Representative,"Soweto, South Africa","Sales Representative - pharmaceutical, Soweto. Matric plus 4 years external sales experience. Company vehicle, fuel card, cellphone allowance, basic salary of R18,000 - R28,000 plus uncapped commission. Email a detailed CV to the recruitment team via our website. Only shortlisted candidates will be contacted within 14 days. We are an equal opportunity employer.",0,synthetic_sa
Software Developer,"Durban, South Africa","Software Developer - Senior. Our Durban-based fintech company seeks a developer to join the product team. Requirements: BSc Computer Science, BCom Informatics or equivalent; 4 years commercial experience; proficiency in Node.js or C#; experience with REST APIs, SQL and cloud platforms (AWS or Azure). Salary R35,000 - R65,000 per month CTC depending on experience. Benefits include medical aid contribution, provident fund and 20 days annual leave. Submit your CV and portfolio via our careers portal. We do not charge any application fees. Only shortlisted candidates will be contacted.",0,synthetic_sa
Sales Representative,"Welkom, South Africa","Sales Representative - industrial supplies, Welkom. Matric plus 4 years external sales experience. Company vehicle, fuel card, cellphone allowance, basic salary of R18,000 - R28,000 plus uncapped commission. Email a detailed CV to the recruitment team via our website. Only shortlisted candidates will be contacted within 14 days. We are an equal opportunity employer.",0,synthetic_sa
Models and promoters wanted,"Pretoria, South Africa","Modelling agency in Pretoria is recruiting new faces. No experience needed, earn up to R900 per shoot. Send full-length photos, your ID number and home address on WhatsApp 083 370 2330. A once-off portfolio fee of R400 is required before your first booking is confirmed. International contracts available for successful candidates. Apply before Sunday.",1,synthetic_sa
Administrative Assistant,"Cape Town, South Africa","Administrative assistant - Cape Town. Requirements: matric with 5 years office administration experience, advanced MS Office skills, own reliable transport. Duties include diary management, invoicing on QuickBooks and general office support. Salary R12,000 per month plus provident fund after probation. Submit your CV and contactable references through JobMail. Interviews by appointment at our offices.",0,synthetic_sa
Accountant,"Johannesburg, South Africa","Senior Accountant - Johannesburg. Established audit firm seeks a qualified accountant. Requirements: BCom Accounting, completed SAIPA or SAICA articles preferred, strong Excel and SAP skills, valid driver's licence. Salary R32,000 - R45,000 CTC with study support. Apply through PNet with your CV and academic transcript. Closing date 17 September. Correspondence will be limited to shortlisted candidates.",0,synthetic_sa
Drivers wanted - company vehicles,"Durban, South Africa","Drivers with code 8 or 10 needed in Durban. Salary R75,000 plus overtime, company vehicle to take home. To book your assessment slot pay R500 via FNB eWallet and WhatsApp your licence copy, ID and banking confirmation to 083 932 4817. Successful drivers start Monday. Hurry, positions are filling fast!!!",1,synthetic_sa
Sales Representative,"Johannesburg, South Africa","Sales Representative - office automation, Johannesburg. Matric plus 3 years external sales experience. Company vehicle, fuel card, cellphone allowance, basic salary of R18,000 - R28,000 plus uncapped commission. Email a detailed CV to the recruitment team via our website. Only shortlisted candidates will be contacted within 14 days. We are an equal opportunity employer.",0,synthetic_sa
Drivers wanted - company vehicles,"Bloemfontein, South Africa","Drivers with code 8 or 10 needed in Bloemfontein. Salary R50,000 plus overtime, company vehicle to take home. To book your assessment slot pay R300 via FNB eWallet and WhatsApp your licence copy, ID and banking confirmation to 060 234 1243. Successful drivers start Monday. Hurry, positions are filling fast!!!",1,synthetic_sa
Software Developer,"Durban, South Africa","Software Developer - Senior. Our Durban-based logistics company seeks a developer to join the product team. Requirements: BSc Computer Science, BCom Informatics or equivalent; 4 years commercial experience; proficiency in Kotlin or TypeScript; experience with REST APIs, SQL and cloud platforms (AWS or Azure). Salary R35,000 - R65,000 per month CTC depending on experience. Benefits include medical aid contribution, provident fund and 20 days annual leave. Submit your CV and portfolio via our careers portal. We do not charge any application fees. Only shortlisted candidates will be contacted.",0,synthetic_sa
Data Capturers needed urgently,"Welkom, South Africa","URGENT HIRING!!! Data Capturers needed in Welkom. Earn R35,000 per month. No experience or matric required. IMMEDIATE START. Send your CV, certified ID copy and banking details to secure your position. WhatsApp us NOW on 062 814 7924. Registration fee of R350 required to access training materials and uniform. LIMITED SLOTS AVAILABLE - only 7 positions left! 100% guaranteed income.",1,synthetic_sa
Paid learnership - no matric needed,"George, South Africa","Learnership opportunity in George paying R5500 monthly stipend. No matric required, certificate provided after 3 months. Register now by sending R500 registration to our TymeBank account. WhatsApp your name, ID number and proof of payment to 072 363 8894. Space is limited, secure your seat today. Guaranteed employment after completion.",1,synthetic_sa
Mine workers wanted,"Kathu, South Africa","Mine workers needed urgently in Kathu. No experience needed, training provided. R30,000 monthly guaranteed plus living allowance. Pay R750 for your medical screening booking and send certified ID, bank statement and proof of payment via WhatsApp 077 365 5050. Transport and accommodation arranged once payment reflects. Immediate start.",1,synthetic_sa
Sales Representative,"Soweto, South Africa","Sales Representative - industrial supplies, Soweto. Matric plus 3 years external sales experience. Company vehicle, fuel card, cellphone allowance, basic salary of R16,000 - R28,000 plus uncapped commission. Email a detailed CV to the recruitment team via our website. Only shortlisted candidates will be contacted within 14 days. We are an equal opportunity employer.",0,synthetic_sa
Accountant,"Pietermaritzburg, South Africa","Cost Accountant - Pietermaritzburg. Established retail head office seeks a qualified accountant. Requirements: BCom Accounting, completed SAIPA or SAICA articles preferred, strong Excel and Sage skills, valid driver's licence. Salary R32,000 - R40,000 CTC with study support. Apply through PNet with your CV and academic transcript. Closing date 22 September. Correspondence will be limited to shortlisted candidates.",0,synthetic_sa
Models and promoters wanted,"East London, South Africa","Modelling agency in East London is recruiting new faces. No experience needed, earn up to R900 per shoot. Send full-length photos, your ID number and home address on WhatsApp 087 383 9595. A once-off portfolio fee of R1100 is required before your first booking is confirmed. International contracts available for successful candidates. Apply before Sunday.",1,synthetic_sa
Registered Nurse,"Sandton, South Africa","Registered Nurse - private hospital group, Sandton. SANC registration and 4 years medical ward experience required. Competitive salary with medical aid contribution, pension fund and shift allowances. Applications close 12 August. Apply via our official careers portal with your CV, SANC certificate and two contactable references. No fees are charged at any stage of the recruitment process.",0,synthetic_sa
Call Centre Agent,"Johannesburg, South Africa","Call centre agents - Johannesburg CBD. Requirements: matric, clear criminal record, fluent in English and at least one other official language, 6 months contact centre experience advantageous. R9500 basic plus performance incentives and full paid training. Apply via PNet or in person at our recruitment open day. The company covers all training costs; no payment is requested from applicants at any stage.",0,synthetic_sa
Jobs in Dubai - visa arranged,"Johannesburg, South Africa","Workers needed in Dubai. Hotel staff, drivers, cleaners and farm workers. Earn up to R60,000 per month tax free. Visa and flight arranged by our agency. Pay R1650 processing fee and send your passport copy, ID and bank details to WhatsApp 062 418 1224. Departure is next month, only serious applicants. 100% guaranteed placement, no interviews.",1,synthetic_sa
Graduate Programme,"Johannesburg, South Africa",Graduate Programme 2026 - national insurer. Honours degree in Computer Science or related field with strong academic record. Structured 12-month rotation programme with mentorship and permanent placement on successful completion. Applications via our official graduate portal only. No fees are charged at any stage of the recruitment process. Applications close 23 September.,0,synthetic_sa
Administrative Assistant,"Mbombela, South Africa","Administrative assistant - Mbombela. Requirements: matric with 2 years office administration experience, advanced MS Office skills, own reliable transport. Duties include diary management, invoicing on QuickBooks and general office support. Salary R14,000 per month plus provident fund after probation. Submit your CV and contactable references through JobMail. Interviews by appointment at our offices.",0,synthetic_sa
Registered Nurse,"Kimberley, South Africa","Registered Nurse - private hospital group, Kimberley. SANC registration and 5 years medical ward experience required. Competitive salary with medical aid contribution, pension fund and shift allowances. Applications close 15 September. Apply via our official careers portal with your CV, SANC certificate and two contactable references. No fees are charged at any stage of the recruitment process.",0,synthetic_sa
Administrative Assistant,"Bloemfontein, South Africa","Administrative assistant - Bloemfontein. Requirements: matric with 3 years office administration experience, advanced MS Office skills, own reliable transport. Duties include diary management, invoicing on Sage and general office support. Salary R16,000 per month plus provident fund after probation. Submit your CV and contactable references through JobMail. Interviews by appointment at our offices.",0,synthetic_sa
Software Developer,"Pretoria, South Africa","Software Developer - Junior. Our Pretoria-based logistics company seeks a developer to join the product team. Requirements: BSc Computer Science, BCom Informatics or equivalent; 5 years commercial experience; proficiency in C# or Python; experience with REST APIs, SQL and cloud platforms (AWS or Azure). Salary R35,000 - R60,000 per month CTC depending on experience. Benefits include medical aid contribution, provident fund and 20 days annual leave. Submit your CV and portfolio via our careers portal. We do not charge any application fees. Only shortlisted candidates will be contacted.",0,synthetic_sa
Paid learnership - no matric needed,"George, South Africa","Learnership opportunity in George paying R3500 monthly stipend. No matric required, certificate provided after 3 months. Register now by sending R550 registration to our Capitec account. WhatsApp your name, ID number and proof of payment to 064 332 2480. Space is limited, secure your seat today. Guaranteed employment after completion.",1,synthetic_sa
Accountant,"Vereeniging, South Africa","Junior Accountant - Vereeniging. Established manufacturing group seeks a qualified accountant. Requirements: BCom Accounting, completed SAIPA or SAICA articles preferred, strong Excel and Pastel skills, valid driver's licence. Salary R32,000 - R45,000 CTC with study support. Apply through PNet with your CV and academic transcript. Closing date 21 October. Correspondence will be limited to shortlisted candidates.",0,synthetic_sa
Earn while you learn - agents wanted,"Sandton, South Africa","Financial agents wanted in Sandton. Earn commission of R900 per day recruiting new members. Invest R1100 once-off to activate your agent account and start earning immediately. Your money doubles every 26 days, guaranteed. Send your ID number, cellphone number and Nedbank account details on WhatsApp 081 896 3683 to join our winning team.",1,synthetic_sa
Metrorail is hiring - apply now,"Johannesburg, South Africa","Metrorail is hiring cleaners nationwide. Salary R75,000 monthly with benefits. No interviews needed, placement is guaranteed. To process your application pay R250 admin fee into our FNB eWallet account and WhatsApp proof of payment with your ID number to 077 592 4502. Applications close this Friday. Forward this message to friends and family.",1,synthetic_sa
Mine workers wanted,"Kathu, South Africa","Mine workers needed urgently in Kathu. No experience needed, training provided. R45,000 monthly guaranteed plus living allowance. Pay R100 for your medical screening booking and send certified ID, bank statement and proof of payment via WhatsApp 066 498 1320. Transport and accommodation arranged once payment reflects. Immediate start.",1,synthetic_sa
Registered Nurse,"Sandton, South Africa","Registered Nurse - private hospital group, Sandton. SANC registration and 5 years theatre experience required. Competitive salary with medical aid contribution, pension fund and shift allowances. Applications close 14 September. Apply via our official careers portal with your CV, SANC certificate and two contactable references. No fees are charged at any stage of the recruitment process.",0,synthetic_sa
Boilermaker,"Polokwane, South Africa","Boilermaker - Polokwane. Trade tested with 8 years post-qualification experience in packaging plants. Overtime and standby allowance apply. Remuneration R28,000 - R48,000 CTC negotiable on experience. Forward your CV, trade certificate and reference letters to the workshop manager via Careers24. Medical fitness assessment forms part of the selection process.",0,synthetic_sa
Paid learnership - no matric needed,"Durban, South Africa","Learnership opportunity in Durban paying R5500 monthly stipend. No matric required, certificate provided after 3 months. Register now by sending R350 registration to our Nedbank account. WhatsApp your name, ID number and proof of payment to 072 305 3165. Space is limited, secure your seat today. Guaranteed employment after completion.",1,synthetic_sa
Call Centre Agent,"Cape Town, South Africa","Call centre agents - Cape Town CBD. Requirements: matric, clear criminal record, fluent in English and at least one other official language, 6 months contact centre experience advantageous. R9500 basic plus performance incentives and full paid training. Apply via PNet or in person at our recruitment open day. The company covers all training costs; no payment is requested from applicants at any stage.",0,synthetic_sa
Administrative Assistant,"George, South Africa","Administrative assistant - George. Requirements: matric with 5 years office administration experience, advanced MS Office skills, own reliable transport. Duties include diary management, invoicing on QuickBooks and general office support. Salary R18,000 per month plus provident fund after probation. Submit your CV and contactable references through JobMail. Interviews by appointment at our offices.",0,synthetic_sa
Graduate Programme,"Johannesburg, South Africa",Graduate Programme 2026 - national bank. Honours degree in Supply Chain or related field with strong academic record. Structured 18-month rotation programme with mentorship and permanent placement on successful completion. Applications via our official graduate portal only. No fees are charged at any stage of the recruitment process. Applications close 28 September.,0,synthetic_sa
Call Centre Agent,"Pretoria, South Africa","Call centre agents - Pretoria CBD. Requirements: matric, clear criminal record, fluent in English and at least one other official language, 6 months contact centre experience advantageous. R7500 basic plus performance incentives and full paid training. Apply via PNet or in person at our recruitment open day. The company covers all training costs; no payment is requested from applicants at any stage.",0,synthetic_sa
Earn while you learn - agents wanted,"Kimberley, South Africa","Financial agents wanted in Kimberley. Earn commission of R750 per day recruiting new members. Invest R1100 once-off to activate your agent account and start earning immediately. Your money doubles every 7 days, guaranteed. Send your ID number, cellphone number and Standard Bank account details on WhatsApp 086 506 4249 to join our winning team.",1,synthetic_sa
English Teacher,"Durban, South Africa","High school English teacher - Durban. B.Ed or PGCE with SACE registration required, FET phase experience preferred. Salary per school governing body scale plus benefits. Send your CV, SACE certificate, academic record and two references to the principal via the school website. Closing date 17 September. Interviews will be held at the school premises. Late applications will not be considered.",0,synthetic_sa
Jobs in the UK - visa arranged,"Durban, South Africa","Workers needed in the UK. Hotel staff, drivers, cleaners and farm workers. Earn up to R35,000 per month tax free. Visa and flight arranged by our agency. Pay R900 processing fee and send your passport copy, ID and bank details to WhatsApp 071 891 7622. Departure is next month, only serious applicants. 100% guaranteed placement, no interviews.",1,synthetic_sa
Millwright,"Pretoria, South Africa","Millwright - Pretoria. Trade tested with 5 years post-qualification experience in FMCG production. Overtime and standby allowance apply. Remuneration R28,000 - R42,000 CTC negotiable on experience. Forward your CV, trade certificate and reference letters to the workshop manager via Careers24. Medical fitness assessment forms part of the selection process.",0,synthetic_sa
Call Centre Agent,"Durban, South Africa","Call centre agents - Durban CBD. Requirements: matric, clear criminal record, fluent in English and at least one other official language, 6 months contact centre experience advantageous. R7500 basic plus performance incentives and full paid training. Apply via PNet or in person at our recruitment open day. The company covers all training costs; no payment is requested from applicants at any stage.",0,synthetic_sa
Cashiers and shelf packers,"Centurion, South Africa","A National Clothing Store is hiring cashiers and shelf packers in Centurion. R8,000 per month plus staff discount. No experience needed. Send your ID copy, SARS number and banking details on WhatsApp 074 863 6562. A uniform deposit of R250 is payable before training. Immediate start guaranteed for the first 15 applicants.",1,synthetic_sa
Software Developer,"Johannesburg, South Africa","Software Developer - Mid Level. Our Johannesburg-based logistics company seeks a developer to join the product team. Requirements: BSc Computer Science, BCom Informatics or equivalent; 6 years commercial experience; proficiency in TypeScript or Node.js; experience with REST APIs, SQL and cloud platforms (AWS or Azure). Salary R35,000 - R65,000 per month CTC depending on experience. Benefits include medical aid contribution, provident fund and 20 days annual leave. Submit your CV and portfolio via our careers portal. We do not charge any application fees. Only shortlisted candidates will be contacted.",0,synthetic_sa
Paid learnership - no matric needed,"East London, South Africa","Learnership opportunity in East London paying R6500 monthly stipend. No matric required, certificate provided after 3 months. Register now by sending R450 registration to our Capitec account. WhatsApp your name, ID number and proof of payment to 066 685 6881. Space is limited, secure your seat today. Guaranteed employment after completion.",1,synthetic_sa
Warehouse Assistants needed urgently,"Kimberley, South Africa","URGENT HIRING!!! Warehouse Assistants needed in Kimberley. Earn R75,000 per month. No experience or matric required. IMMEDIATE START. Send your CV, certified ID copy and banking details to secure your position. WhatsApp us NOW on 089 982 6925. Registration fee of R550 required to access training materials and uniform. LIMITED SLOTS AVAILABLE - only 6 positions left! 100% guaranteed income.",1,synthetic_sa
Cashiers and shelf packers,"Randburg, South Africa","A National Clothing Store is hiring cashiers and shelf packers in Randburg. R10,000 per month plus staff discount. No experience needed. Send your ID copy, SARS number and banking details on WhatsApp 066 964 2734. A uniform deposit of R250 is payable before training. Immediate start guaranteed for the first 18 applicants.",1,synthetic_sa
Drivers wanted - company vehicles,"Cape Town, South Africa","Drivers with code 8 or 10 needed in Cape Town. Salary R45,000 plus overtime, company vehicle to take home. To book your assessment slot pay R300 via FNB eWallet and WhatsApp your licence copy, ID and banking confirmation to 067 193 4475. Successful drivers start Monday. Hurry, positions are filling fast!!!",1,synthetic_sa
Work from home opportunity,"Welkom, South Africa","Earn R900 per day stuffing envelopes at home. No qualifications needed, work your own hours. Perfect for students, moms and pensioners. Join today by sending R400 joining fee via FNB eWallet and WhatsApp your full names, ID number and address to our agent on 064 473 1653. Payment is released every Friday, guaranteed. First 32 applicants only.",1,synthetic_sa
Call Centre Agent,"Durban, South Africa","Call centre agents - Durban CBD. Requirements: matric, clear criminal record, fluent in English and at least one other official language, 6 months contact centre experience advantageous. R9500 basic plus performance incentives and full paid training. Apply via PNet or in person at our recruitment open day. The company covers all training costs; no payment is requested from applicants at any stage.",0,synthetic_sa
Cashiers and shelf packers,"Bloemfontein, South Africa","A Leading Supermarket Group is hiring cashiers and shelf packers in Bloemfontein. R12,000 per month plus staff discount. No experience needed. Send your ID copy, SARS number and banking details on WhatsApp 061 951 2398. A uniform deposit of R150 is payable before training. Immediate start guaranteed for the first 18 applicants.",1,synthetic_sa
Work from home opportunity,"Midrand, South Africa","Earn R750 per day capturing data at home. No qualifications needed, work your own hours. Perfect for students, moms and pensioners. Join today by sending R100 joining fee via Standard Bank and WhatsApp your full names, ID number and address to our agent on 064 265 8239. Payment is released every Friday, guaranteed. First 45 applicants only.",1,synthetic_sa
Drivers needed urgently,"Polokwane, South Africa","URGENT HIRING!!! Drivers needed in Polokwane. Earn R60,000 per month. No experience or matric required. IMMEDIATE START. Send your CV, certified ID copy and banking details to secure your position. WhatsApp us NOW on 088 369 8019. Registration fee of R550 required to access training materials and uniform. LIMITED SLOTS AVAILABLE - only 9 positions left! 100% guaranteed income.",1,synthetic_sa
Sales Representative,"East London, South Africa","Sales Representative - office automation, East London. Matric plus 4 years external sales experience. Company vehicle, fuel card, cellphone allowance, basic salary of R18,000 - R25,000 plus uncapped commission. Email a detailed CV to the recruitment team via our website. Only shortlisted candidates will be contacted within 14 days. We are an equal opportunity employer.",0,synthetic_sa
Software Developer,"Pretoria, South Africa","Software Developer - Senior. Our Pretoria-based insurtech company seeks a developer to join the product team. Requirements: BSc Computer Science, BCom Informatics or equivalent; 2 years commercial experience; proficiency in Kotlin or Java; experience with REST APIs, SQL and cloud platforms (AWS or Azure). Salary R35,000 - R75,000 per month CTC depending on experience. Benefits include medical aid contribution, provident fund and 20 days annual leave. Submit your CV and portfolio via our careers portal. We do not charge any application fees. Only shortlisted candidates will be contacted.",0,synthetic_sa
Life Sciences Teacher,"Sandton, South Africa","High school Life Sciences teacher - Sandton. B.Ed or PGCE with SACE registration required, FET phase experience preferred. Salary per school governing body scale plus benefits. Send your CV, SACE certificate, academic record and two references to the principal via the school website. Closing date 12 August. Interviews will be held at the school premises. Late applications will not be considered.",0,synthetic_sa
Boilermaker,"East London, South Africa","Boilermaker - East London. Trade tested with 5 years post-qualification experience in FMCG production. Overtime and standby allowance apply. Remuneration R28,000 - R55,000 CTC negotiable on experience. Forward your CV, trade certificate and reference letters to the workshop manager via Careers24. Medical fitness assessment forms part of the selection process.",0,synthetic_sa
Fitter and Turner,"Sandton, South Africa","Fitter and Turner - Sandton. Trade tested with 6 years post-qualification experience in FMCG production. Overtime and standby allowance apply. Remuneration R28,000 - R55,000 CTC negotiable on experience. Forward your CV, trade certificate and reference letters to the workshop manager via Careers24. Medical fitness assessment forms part of the selection process.",0,synthetic_sa
Accountant,"Vereeniging, South Africa","Cost Accountant - Vereeniging. Established manufacturing group seeks a qualified accountant. Requirements: BCom Accounting, completed SAIPA or SAICA articles preferred, strong Excel and Pastel skills, valid driver's licence. Salary R28,000 - R40,000 CTC with study support. Apply through PNet with your CV and academic transcript. Closing date 19 August. Correspondence will be limited to shortlisted candidates.",0,synthetic_sa
Accountant,"Polokwane, South Africa","Senior Accountant - Polokwane. Established manufacturing group seeks a qualified accountant. Requirements: BCom Accounting, completed SAIPA or SAICA articles preferred, strong Excel and Pastel skills, valid driver's licence. Salary R28,000 - R55,000 CTC with study support. Apply through PNet with your CV and academic transcript. Closing date 28 September. Correspondence will be limited to shortlisted candidates.",0,synthetic_sa
Graduate Programme,"Sandton, South Africa",Graduate Programme 2026 - national bank. Honours degree in Finance or related field with strong academic record. Structured 24-month rotation programme with mentorship and permanent placement on successful completion. Applications via our official graduate portal only. No fees are charged at any stage of the recruitment process. Applications close 30 August.,0,synthetic_sa
Work from home opportunity,"East London, South Africa","Earn R2,500 per day answering emails at home. No qualifications needed, work your own hours. Perfect for students, moms and pensioners. Join today by sending R300 joining fee via TymeBank and WhatsApp your full names, ID number and address to our agent on 074 966 1832. Payment is released every Friday, guaranteed. First 15 applicants only.",1,synthetic_sa
Mine workers wanted,"Kathu, South Africa","Mine workers needed urgently in Kathu. No experience needed, training provided. R30,000 monthly guaranteed plus living allowance. Pay R450 for your medical screening booking and send certified ID, bank statement and proof of payment via WhatsApp 088 672 6198. Transport and accommodation arranged once payment reflects. Immediate start.",1,synthetic_sa
Work from home opportunity,"Rustenburg, South Africa","Earn R750 per day capturing data at home. No qualifications needed, work your own hours. Perfect for students, moms and pensioners. Join today by sending R300 joining fee via Standard Bank and WhatsApp your full names, ID number and address to our agent on 088 509 9785. Payment is released every Friday, guaranteed. First 31 applicants only.",1,synthetic_sa
Graduate Programme,"Pretoria, South Africa",Graduate Programme 2026 - national insurer. Honours degree in Economics or related field with strong academic record. Structured 24-month rotation programme with mentorship and permanent placement on successful completion. Applications via our official graduate portal only. No fees are charged at any stage of the recruitment process. Applications close 30 August.,0,synthetic_sa
Call Centre Agent,"Durban, South Africa","Call centre agents - Durban CBD. Requirements: matric, clear criminal record, fluent in English and at least one other official language, 1 year contact centre experience advantageous. R7500 basic plus performance incentives and full paid training. Apply via PNet or in person at our recruitment open day. The company covers all training costs; no payment is requested from applicants at any stage.",0,synthetic_sa
Accountant,"Bloemfontein, South Africa","Junior Accountant - Bloemfontein. Established manufacturing group seeks a qualified accountant. Requirements: BCom Accounting, completed SAIPA or SAICA articles preferred, strong Excel and SAP skills, valid driver's licence. Salary R32,000 - R40,000 CTC with study support. Apply through PNet with your CV and academic transcript. Closing date 25 September. Correspondence will be limited to shortlisted candidates.",0,synthetic_sa
Paid learnership - no matric needed,"Centurion, South Africa","Learnership opportunity in Centurion paying R5500 monthly stipend. No matric required, certificate provided after 3 months. Register now by sending R150 registration to our Absa account. WhatsApp your name, ID number and proof of payment to 064 649 3024. Space is limited, secure your seat today. Guaranteed employment after completion.",1,synthetic_sa
Packers needed urgently,"Pietermaritzburg, South Africa","URGENT HIRING!!! Packers needed in Pietermaritzburg. Earn R50,000 per month. No experience or matric required. IMMEDIATE START. Send your CV, certified ID copy and banking details to secure your position. WhatsApp us NOW on 068 303 9928. Registration fee of R400 required to access training materials and uniform. LIMITED SLOTS AVAILABLE - only 6 positions left! 100% guaranteed income.",1,synthetic_sa
Work from home opportunity,"Midrand, South Africa","Earn R750 per day stuffing envelopes at home. No qualifications needed, work your own hours. Perfect for students, moms and pensioners. Join today by sending R150 joining fee via Capitec and WhatsApp your full names, ID number and address to our agent on 082 658 1590. Payment is released every Friday, guaranteed. First 33 applicants only.",1,synthetic_sa
Work from home opportunity,"Rustenburg, South Africa","Earn R2,000 per day assembling pens at home. No qualifications needed, work your own hours. Perfect for students, moms and pensioners. Join today by sending R500 joining fee via Capitec and WhatsApp your full names, ID number and address to our agent on 079 294 5173. Payment is released every Friday, guaranteed. First 12 applicants only.",1,synthetic_sa
Cashiers and shelf packers,"Pietermaritzburg, South Africa","A National Clothing Store is hiring cashiers and shelf packers in Pietermaritzburg. R9,000 per month plus staff discount. No experience needed. Send your ID copy, SARS number and banking details on WhatsApp 067 329 2773. A uniform deposit of R350 is payable before training. Immediate start guaranteed for the first 16 applicants.",1,synthetic_sa
Drivers wanted - company vehicles,"Pretoria, South Africa","Drivers with code 8 or 10 needed in Pretoria. Salary R30,000 plus overtime, company vehicle to take home. To book your assessment slot pay R500 via FNB eWallet and WhatsApp your licence copy, ID and banking confirmation to 077 479 9850. Successful drivers start Monday. Hurry, positions are filling fast!!!",1,synthetic_sa
Administrative Assistant,"Vereeniging, South Africa","Administrative assistant - Vereeniging. Requirements: matric with 2 years office administration experience, advanced MS Office skills, own reliable transport. Duties include diary management, invoicing on Sage and general office support. Salary R12,000 per month plus provident fund after probation. Submit your CV and contactable references through JobMail. Interviews by appointment at our offices.",0,synthetic_sa
Call Centre Agent,"Cape Town, South Africa","Call centre agents - Cape Town CBD. Requirements: matric, clear criminal record, fluent in English and at least one other official language, 6 months contact centre experience advantageous. R7500 basic plus performance incentives and full paid training. Apply via PNet or in person at our recruitment open day. The company covers all training costs; no payment is requested from applicants at any stage.",0,synthetic_sa
Civil Engineer,"Durban, South Africa","Civil Engineer - consulting firm, Durban. BSc Eng or BEng with ECSA registration as candidate or professional engineer. 3 years experience in building services. Remuneration commensurate with qualifications and experience. Apply with your CV, ECSA registration details and a portfolio of completed projects via our website. Shortlisted candidates will complete a technical interview at our Durban offices.",0,synthetic_sa
Call Centre Agent,"Pretoria, South Africa","Call centre agents - Pretoria CBD. Requirements: matric, clear criminal record, fluent in English and at least one other official language, 1 year contact centre experience advantageous. R7500 basic plus performance incentives and full paid training. Apply via PNet or in person at our recruitment open day. The company covers all training costs; no payment is requested from applicants at any stage.",0,synthetic_sa
Mine workers wanted,"Carletonville, South Africa","Mine workers needed urgently in Carletonville. No experience needed, training provided. R60,000 monthly guaranteed plus living allowance. Pay R650 for your medical screening booking and send certified ID, bank statement and proof of payment via WhatsApp 072 960 8657. Transport and accommodation arranged once payment reflects. Immediate start.",1,synthetic_sa
Jobs in the UK - visa arranged,"Bloemfontein, South Africa","Workers needed in the UK. Hotel staff, drivers, cleaners and farm workers. Earn up to R45,000 per month tax free. Visa and flight arranged by our agency. Pay R300 processing fee and send your passport copy, ID and bank details to WhatsApp 068 704 6439. Departure is next month, only serious applicants. 100% guaranteed placement, no interviews.",1,synthetic_sa
Work from home opportunity,"Kimberley, South Africa","Earn R2,500 per day stuffing envelopes at home. No qualifications needed, work your own hours. Perfect for students, moms and pensioners. Join today by sending R500 joining fee via Capitec and WhatsApp your full names, ID number and address to our agent on 088 406 2697. Payment is released every Friday, guaranteed. First 18 applicants only.",1,synthetic_sa
Transnet is hiring - apply now,"Vereeniging, South Africa","Transnet is hiring cleaners nationwide. Salary R60,000 monthly with benefits. No interviews needed, placement is guaranteed. To process your application pay R250 admin fee into our Absa account and WhatsApp proof of payment with your ID number to 069 352 1651. Applications close this Friday. Forward this message to friends and family.",1,synthetic_sa
Jobs in Australia - visa arranged,"Sandton, South Africa","Workers needed in Australia. Hotel staff, drivers, cleaners and farm workers. Earn up to R50,000 per month tax free. Visa and flight arranged by our agency. Pay R1350 processing fee and send your passport copy, ID and bank details to WhatsApp 087 878 1845. Departure is next month, only serious applicants. 100% guaranteed placement, no interviews.",1,synthetic_sa
Paid learnership - no matric needed,"Welkom, South Africa","Learnership opportunity in Welkom paying R3500 monthly stipend. No matric required, certificate provided after 3 months. Register now by sending R550 registration to our Nedbank account. WhatsApp your name, ID number and proof of payment to 074 894 4770. Space is limited, secure your seat today. Guaranteed employment after completion.",1,synthetic_sa
Sales Representative,"Sandton, South Africa","Sales Representative - industrial supplies, Sandton. Matric plus 4 years external sales experience. Company vehicle, fuel card, cellphone allowance, basic salary of R16,000 - R22,000 plus uncapped commission. Email a detailed CV to the recruitment team via our website. Only shortlisted candidates will be contacted within 14 days. We are an equal opportunity employer.",0,synthetic_sa
Work from home opportunity,"Mbombela, South Africa","Earn R750 per day packing groceries at home. No qualifications needed, work your own hours. Perfect for students, moms and pensioners. Join today by sending R750 joining fee via TymeBank and WhatsApp your full names, ID number and address to our agent on 064 388 4450. Payment is released every Friday, guaranteed. First 31 applicants only.",1,synthetic_sa
Cashiers and shelf packers,"Bloemfontein, South Africa","A Major Retail Chain is hiring cashiers and shelf packers in Bloemfontein. R12,000 per month plus staff discount. No experience needed. Send your ID copy, SARS number and banking details on WhatsApp 083 612 6802. A uniform deposit of R150 is payable before training. Immediate start guaranteed for the first 17 applicants.",1,synthetic_sa
Millwright,"Pietermaritzburg, South Africa","Millwright - Pietermaritzburg. Trade tested with 6 years post-qualification experience in heavy commercial vehicles. Overtime and standby allowance apply. Remuneration R25,000 - R42,000 CTC negotiable on experience. Forward your CV, trade certificate and reference letters to the workshop manager via Careers24. Medical fitness assessment forms part of the selection process.",0,synthetic_sa
Earn while you learn - agents wanted,"Durban, South Africa","Financial agents wanted in Durban. Earn commission of R900 per day recruiting new members. Invest R1500 once-off to activate your agent account and start earning immediately. Your money doubles every 20 days, guaranteed. Send your ID number, cellphone number and Absa account details on WhatsApp 083 807 8800 to join our winning team.",1,synthetic_sa
Accountant,"Randburg, South Africa","Senior Accountant - Randburg. Established manufacturing group seeks a qualified accountant. Requirements: BCom Accounting, completed SAIPA or SAICA articles preferred, strong Excel and Sage skills, valid driver's licence. Salary R32,000 - R45,000 CTC with study support. Apply through PNet with your CV and academic transcript. Closing date 15 August. Correspondence will be limited to shortlisted candidates.",0,synthetic_sa
Cashiers and shelf packers,"Polokwane, South Africa","A Major Retail Chain is hiring cashiers and shelf packers in Polokwane. R12,000 per month plus staff discount. No experience needed. Send your ID copy, SARS number and banking details on WhatsApp 080 107 4349. A uniform deposit of R300 is payable before training. Immediate start guaranteed for the first 11 applicants.",1,synthetic_sa
Diesel Mechanic,"Cape Town, South Africa","Diesel Mechanic - Cape Town. Trade tested with 4 years post-qualification experience in packaging plants. Overtime and standby allowance apply. Remuneration R28,000 - R48,000 CTC negotiable on experience. Forward your CV, trade certificate and reference letters to the workshop manager via Careers24. Medical fitness assessment forms part of the selection process.",0,synthetic_sa
Cashiers and shelf packers,"Sandton, South Africa","A Major Retail Chain is hiring cashiers and shelf packers in Sandton. R9,000 per month plus staff discount. No experience needed. Send your ID copy, SARS number and banking details on WhatsApp 080 700 6400. A uniform deposit of R650 is payable before training. Immediate start guaranteed for the first 8 applicants.",1,synthetic_sa
Models and promoters wanted,"Vereeniging, South Africa","Modelling agency in Vereeniging is recruiting new faces. No experience needed, earn up to R2,500 per shoot. Send full-length photos, your ID number and home address on WhatsApp 084 549 3037. A once-off portfolio fee of R900 is required before your first booking is confirmed. International contracts available for successful candidates. Apply before Sunday.",1,synthetic_sa
Registered Nurse,"Cape Town, South Africa","Registered Nurse - private hospital group, Cape Town. SANC registration and 3 years theatre experience required. Competitive salary with medical aid contribution, pension fund and shift allowances. Applications close 17 September. Apply via our official careers portal with your CV, SANC certificate and two contactable references. No fees are charged at any stage of the recruitment process.",0,synthetic_sa
Accountant,"Cape Town, South Africa","Junior Accountant - Cape Town. Established manufacturing group seeks a qualified accountant. Requirements: BCom Accounting, completed SAIPA or SAICA articles preferred, strong Excel and Sage skills, valid driver's licence. Salary R32,000 - R45,000 CTC with study support. Apply through PNet with your CV and academic transcript. Closing date 12 August. Correspondence will be limited to shortlisted candidates.",0,synthetic_sa
Jobs in the UK - visa arranged,"Bloemfontein, South Africa","Workers needed in the UK. Hotel staff, drivers, cleaners and farm workers. Earn up to R25,000 per month tax free. Visa and flight arranged by our agency. Pay R1350 processing fee and send your passport copy, ID and bank details to WhatsApp 075 738 7512. Departure is next month, only serious applicants. 100% guaranteed placement, no interviews.",1,synthetic_sa
Call Centre Agent,"Pretoria, South Africa","Call centre agents - Pretoria CBD. Requirements: matric, clear criminal record, fluent in English and at least one other official language, 1 year contact centre experience advantageous. R9500 basic plus performance incentives and full paid training. Apply via PNet or in person at our recruitment open day. The company covers all training costs; no payment is requested from applicants at any stage.",0,synthetic_sa
Call Centre Agents needed urgently,"Gqeberha, South Africa","URGENT HIRING!!! Call Centre Agents needed in Gqeberha. Earn R75,000 per month. No experience or matric required. IMMEDIATE START. Send your CV, certified ID copy and banking details to secure your position. WhatsApp us NOW on 086 710 2040. Registration fee of R400 required to access training materials and uniform. LIMITED SLOTS AVAILABLE - only 9 positions left! 100% guaranteed income.",1,synthetic_sa
Drivers wanted - company vehicles,"Vereeniging, South Africa","Drivers with code 8 or 10 needed in Vereeniging. Salary R25,000 plus overtime, company vehicle to take home. To book your assessment slot pay R100 via Standard Bank and WhatsApp your licence copy, ID and banking confirmation to 062 905 4362. Successful drivers start Monday. Hurry, positions are filling fast!!!",1,synthetic_sa
Administrative Assistant,"Midrand, South Africa","Administrative assistant - Midrand. Requirements: matric with 5 years office administration experience, advanced MS Office skills, own reliable transport. Duties include diary management, invoicing on Pastel and general office support. Salary R16,000 per month plus provident fund after probation. Submit your CV and contactable references through JobMail. Interviews by appointment at our offices.",0,synthetic_sa
Sales Representative,"Soweto, South Africa","Sales Representative - industrial supplies, Soweto. Matric plus 3 years external sales experience. Company vehicle, fuel card, cellphone allowance, basic salary of R14,000 - R25,000 plus uncapped commission. Email a detailed CV to the recruitment team via our website. Only shortlisted candidates will be contacted within 14 days. We are an equal opportunity employer.",0,synthetic_sa
Sales Representative,"Rustenburg, South Africa","Sales Representative - office automation, Rustenburg. Matric plus 4 years external sales experience. Company vehicle, fuel card, cellphone allowance, basic salary of R16,000 - R25,000 plus uncapped commission. Email a detailed CV to the recruitment team via our website. Only shortlisted candidates will be contacted within 14 days. We are an equal opportunity employer.",0,synthetic_sa
Sales Representative,"Vereeniging, South Africa","Sales Representative - office automation, Vereeniging. Matric plus 2 years external sales experience. Company vehicle, fuel card, cellphone allowance, basic salary of R18,000 - R22,000 plus uncapped commission. Email a detailed CV to the recruitment team via our website. Only shortlisted candidates will be contacted within 14 days. We are an equal opportunity employer.",0,synthetic_sa
Drivers wanted - company vehicles,"Polokwane, South Africa","Drivers with code 8 or 10 needed in Polokwane. Salary R50,000 plus overtime, company vehicle to take home. To book your assessment slot pay R100 via Nedbank and WhatsApp your licence copy, ID and banking confirmation to 088 408 8504. Successful drivers start Monday. Hurry, positions are filling fast!!!",1,synthetic_sa
Graduate Programme,"Sandton, South Africa",Graduate Programme 2026 - national retailer. Honours degree in Statistics or related field with strong academic record. Structured 12-month rotation programme with mentorship and permanent placement on successful completion. Applications via our official graduate portal only. No fees are charged at any stage of the recruitment process. Applications close 27 August.,0,synthetic_sa
Models and promoters wanted,"Randburg, South Africa","Modelling agency in Randburg is recruiting new faces. No experience needed, earn up to R750 per shoot. Send full-length photos, your ID number and home address on WhatsApp 080 542 6280. A once-off portfolio fee of R1100 is required before your first booking is confirmed. International contracts available for successful candidates. Apply before Sunday.",1,synthetic_sa
Accountant,"Pretoria, South Africa","Cost Accountant - Pretoria. Established retail head office seeks a qualified accountant. Requirements: BCom Accounting, completed SAIPA or SAICA articles preferred, strong Excel and Pastel skills, valid driver's licence. Salary R28,000 - R40,000 CTC with study support. Apply through PNet with your CV and academic transcript. Closing date 15 September. Correspondence will be limited to shortlisted candidates.",0,synthetic_sa
Work from home opportunity,"Polokwane, South Africa","Earn R900 per day capturing data at home. No qualifications needed, work your own hours. Perfect for students, moms and pensioners. Join today by sending R750 joining fee via Capitec and WhatsApp your full names, ID number and address to our agent on 070 979 8711. Payment is released every Friday, guaranteed. First 24 applicants only.",1,synthetic_sa
Eskom is hiring - apply now,"George, South Africa","Eskom is hiring drivers nationwide. Salary R60,000 monthly with benefits. No interviews needed, placement is guaranteed. To process your application pay R550 admin fee into our TymeBank account and WhatsApp proof of payment with your ID number to 073 903 8749. Applications close this Friday. Forward this message to friends and family.",1,synthetic_sa
Drivers wanted - company vehicles,"Vereeniging, South Africa","Drivers with code 8 or 10 needed in Vereeniging. Salary R60,000 plus overtime, company vehicle to take home. To book your assessment slot pay R550 via TymeBank and WhatsApp your licence copy, ID and banking confirmation to 085 490 9692. Successful drivers start Monday. Hurry, positions are filling fast!!!",1,synthetic_sa
Registered Nurse,"Pietermaritzburg, South Africa","Registered Nurse - private hospital group, Pietermaritzburg. SANC registration and 5 years theatre experience required. Competitive salary with medical aid contribution, pension fund and shift allowances. Applications close 18 September. Apply via our official careers portal with your CV, SANC certificate and two contactable references. No fees are charged at any stage of the recruitment process.",0,synthetic_sa
Work from home opportunity,"Durban, South Africa","Earn R1,500 per day packing groceries at home. No qualifications needed, work your own hours. Perfect for students, moms and pensioners. Join today by sending R550 joining fee via TymeBank and WhatsApp your full names, ID number and address to our agent on 061 650 4492. Payment is released every Friday, guaranteed. First 42 applicants only.",1,synthetic_sa
Mechanical Engineer,"Johannesburg, South Africa","Mechanical Engineer - consulting firm, Johannesburg. BSc Eng or BEng with ECSA registration as candidate or professional engineer. 7 years experience in roads and stormwater. Remuneration commensurate with qualifications and experience. Apply with your CV, ECSA registration details and a portfolio of completed projects via our website. Shortlisted candidates will complete a technical interview at our Johannesburg offices.",0,synthetic_sa
Mine workers wanted,"Rustenburg, South Africa","Mine workers needed urgently in Rustenburg. No experience needed, training provided. R60,000 monthly guaranteed plus living allowance. Pay R300 for your medical screening booking and send certified ID, bank statement and proof of payment via WhatsApp 064 443 6238. Transport and accommodation arranged once payment reflects. Immediate start.",1,synthetic_sa
Cashiers and shelf packers,"Centurion, South Africa","A National Clothing Store is hiring cashiers and shelf packers in Centurion. R12,000 per month plus staff discount. No experience needed. Send your ID copy, SARS number and banking details on WhatsApp 071 514 1341. A uniform deposit of R350 is payable before training. Immediate start guaranteed for the first 10 applicants.",1,synthetic_sa
Drivers wanted - company vehicles,"Rustenburg, South Africa","Drivers with code 8 or 10 needed in Rustenburg. Salary R75,000 plus overtime, company vehicle to take home. To book your assessment slot pay R200 via TymeBank and WhatsApp your licence copy, ID and banking confirmation to 064 979 3370. Successful drivers start Monday. Hurry, positions are filling fast!!!",1,synthetic_sa
Afrikaans Teacher,"Bloemfontein, South Africa","High school Afrikaans teacher - Bloemfontein. B.Ed or PGCE with SACE registration required, FET phase experience preferred. Salary per school governing body scale plus benefits. Send your CV, SACE certificate, academic record and two references to the principal via the school website. Closing date 14 August. Interviews will be held at the school premises. Late applications will not be considered.",0,synthetic_sa
Mechanical Engineer,"Welkom, South Africa","Mechanical Engineer - consulting firm, Welkom. BSc Eng or BEng with ECSA registration as candidate or professional engineer. 4 years experience in power distribution. Remuneration commensurate with qualifications and experience. Apply with your CV, ECSA registration details and a portfolio of completed projects via our website. Shortlisted candidates will complete a technical interview at our Welkom offices.",0,synthetic_sa
Cashiers and shelf packers,"Durban, South Africa","A Major Retail Chain is hiring cashiers and shelf packers in Durban. R8,000 per month plus staff discount. No experience needed. Send your ID copy, SARS number and banking details on WhatsApp 088 298 6724. A uniform deposit of R350 is payable before training. Immediate start guaranteed for the first 9 applicants.",1,synthetic_sa
Graduate Programme,"Sandton, South Africa",Graduate Programme 2026 - national bank. Honours degree in Computer Science or related field with strong academic record. Structured 24-month rotation programme with mentorship and permanent placement on successful completion. Applications via our official graduate portal only. No fees are charged at any stage of the recruitment process. Applications close 19 August.,0,synthetic_sa
Jobs in Canada - visa arranged,"Midrand, South Africa","Workers needed in Canada. Hotel staff, drivers, cleaners and farm workers. Earn up to R60,000 per month tax free. Visa and flight arranged by our agency. Pay R1350 processing fee and send your passport copy, ID and bank details to WhatsApp 076 933 1601. Departure is next month, only serious applicants. 100% guaranteed placement, no interviews.",1,synthetic_sa
Graduate Programme,"Sandton, South Africa",Graduate Programme 2027 - national insurer. Honours degree in Supply Chain or related field with strong academic record. Structured 24-month rotation programme with mentorship and permanent placement on successful completion. Applications via our official graduate portal only. No fees are charged at any stage of the recruitment process. Applications close 25 September.,0,synthetic_sa
Earn while you learn - agents wanted,"Durban, South Africa","Financial agents wanted in Durban. Earn commission of R2,500 per day recruiting new members. Invest R200 once-off to activate your agent account and start earning immediately. Your money doubles every 7 days, guaranteed. Send your ID number, cellphone number and FNB eWallet account details on WhatsApp 060 736 3496 to join our winning team.",1,synthetic_sa
Paid learnership - no matric needed,"Pretoria, South Africa","Learnership opportunity in Pretoria paying R3500 monthly stipend. No matric required, certificate provided after 3 months. Register now by sending R300 registration to our Absa account. WhatsApp your name, ID number and proof of payment to 069 473 3153. Space is limited, secure your seat today. Guaranteed employment after completion.",1,synthetic_sa
Rand Water is hiring - apply now,"Rustenburg, South Africa","Rand Water is hiring packers nationwide. Salary R35,000 monthly with benefits. No interviews needed, placement is guaranteed. To process your application pay R400 admin fee into our FNB eWallet account and WhatsApp proof of payment with your ID number to 084 568 6180. Applications close this Friday. Forward this message to friends and family.",1,synthetic_sa
Software Developer,"Johannesburg, South Africa","Software Developer - Senior. Our Johannesburg-based logistics company seeks a developer to join the product team. Requirements: BSc Computer Science, BCom Informatics or equivalent; 4 years commercial experience; proficiency in Node.js or Kotlin; experience with REST APIs, SQL and cloud platforms (AWS or Azure). Salary R45,000 - R60,000 per month CTC depending on experience. Benefits include medical aid contribution, provident fund and 20 days annual leave. Submit your CV and portfolio via our careers portal. We do not charge any application fees. Only shortlisted candidates will be contacted.",0,synthetic_sa
Administrative Assistant,"Bloemfontein, South Africa","Administrative assistant - Bloemfontein. Requirements: matric with 4 years office administration experience, advanced MS Office skills, own reliable transport. Duties include diary management, invoicing on Pastel and general office support. Salary R12,000 per month plus provident fund after probation. Submit your CV and contactable references through JobMail. Interviews by appointment at our offices.",0,synthetic_sa
Mine workers wanted,"Steelpoort, South Africa","Mine workers needed urgently in Steelpoort. No experience needed, training provided. R30,000 monthly guaranteed plus living allowance. Pay R150 for your medical screening booking and send certified ID, bank statement and proof of payment via WhatsApp 076 438 9890. Transport and accommodation arranged once payment reflects. Immediate start.",1,synthetic_sa
Sales Representative,"Bloemfontein, South Africa","Sales Representative - industrial supplies, Bloemfontein. Matric plus 3 years external sales experience. Company vehicle, fuel card, cellphone allowance, basic salary of R18,000 - R25,000 plus uncapped commission. Email a detailed CV to the recruitment team via our website. Only shortlisted candidates will be contacted within 14 days. We are an equal opportunity employer.",0,synthetic_sa
Models and promoters wanted,"Soweto, South Africa","Modelling agency in Soweto is recruiting new faces. No experience needed, earn up to R750 per shoot. Send full-length photos, your ID number and home address on WhatsApp 080 255 3444. A once-off portfolio fee of R1100 is required before your first booking is confirmed. International contracts available for successful candidates. Apply before Sunday.",1,synthetic_sa
Cleaners needed urgently,"Centurion, South Africa","URGENT HIRING!!! Cleaners needed in Centurion. Earn R35,000 per month. No experience or matric required. IMMEDIATE START. Send your CV, certified ID copy and banking details to secure your position. WhatsApp us NOW on 075 266 7065. Registration fee of R350 required to access training materials and uniform. LIMITED SLOTS AVAILABLE - only 6 positions left! 100% guaranteed income.",1,synthetic_sa
Drivers wanted - company vehicles,"Midrand, South Africa","Drivers with code 8 or 10 needed in Midrand. Salary R25,000 plus overtime, company vehicle to take home. To book your assessment slot pay R200 via Capitec and WhatsApp your licence copy, ID and banking confirmation to 064 604 2902. Successful drivers start Monday. Hurry, positions are filling fast!!!",1,synthetic_sa
Earn while you learn - agents wanted,"Soweto, South Africa","Financial agents wanted in Soweto. Earn commission of R1,500 per day recruiting new members. Invest R800 once-off to activate your agent account and start earning immediately. Your money doubles every 30 days, guaranteed. Send your ID number, cellphone number and TymeBank account details on WhatsApp 075 972 5022 to join our winning team.",1,synthetic_sa
Petrol Attendants needed urgently,"Randburg, South Africa","URGENT HIRING!!! Petrol Attendants needed in Randburg. Earn R50,000 per month. No experience or matric required. IMMEDIATE START. Send your CV, certified ID copy and banking details to secure your position. WhatsApp us NOW on 078 981 1188. Registration fee of R650 required to access training materials and uniform. LIMITED SLOTS AVAILABLE - only 14 positions left! 100% guaranteed income.",1,synthetic_sa
Call Centre Agent,"Cape Town, South Africa","Call centre agents - Cape Town CBD. Requirements: matric, clear criminal record, fluent in English and at least one other official language, 1 year contact centre experience advantageous. R7500 basic plus performance incentives and full paid training. Apply via PNet or in person at our recruitment open day. The company covers all training costs; no payment is requested from applicants at any stage.",0,synthetic_sa
Fitter and Turner,"Centurion, South Africa","Fitter and Turner - Centurion. Trade tested with 7 years post-qualification experience in packaging plants. Overtime and standby allowance apply. Remuneration R25,000 - R42,000 CTC negotiable on experience. Forward your CV, trade certificate and reference letters to the workshop manager via Careers24. Medical fitness assessment forms part of the selection process.",0,synthetic_sa
Afrikaans Teacher,"Gqeberha, South Africa","High school Afrikaans teacher - Gqeberha. B.Ed or PGCE with SACE registration required, FET phase experience preferred. Salary per school governing body scale plus benefits. Send your CV, SACE certificate, academic record and two references to the principal via the school website. Closing date 24 September. Interviews will be held at the school premises. Late applications will not be considered.",0,synthetic_sa
Paid learnership - no matric needed,"Johannesburg, South Africa","Learnership opportunity in Johannesburg paying R3500 monthly stipend. No matric required, certificate provided after 3 months. Register now by sending R350 registration to our Capitec account. WhatsApp your name, ID number and proof of payment to 075 483 8056. Space is limited, secure your seat today. Guaranteed employment after completion.",1,synthetic_sa
Civil Engineer,"Randburg, South Africa","Civil Engineer - consulting firm, Randburg. BSc Eng or BEng with ECSA registration as candidate or professional engineer. 7 years experience in process optimisation. Remuneration commensurate with qualifications and experience. Apply with your CV, ECSA registration details and a portfolio of completed projects via our website. Shortlisted candidates will complete a technical interview at our Randburg offices.",0,synthetic_sa
the Post Office is hiring - apply now,"Durban, South Africa","the Post Office is hiring admin assistants nationwide. Salary R60,000 monthly with benefits. No interviews needed, placement is guaranteed. To process your application pay R550 admin fee into our TymeBank account and WhatsApp proof of payment with your ID number to 085 367 4346. Applications close this Friday. Forward this message to friends and family.",1,synthetic_sa
PRASA is hiring - apply now,"Pietermaritzburg, South Africa","PRASA is hiring petrol attendants nationwide. Salary R45,000 monthly with benefits. No interviews needed, placement is guaranteed. To process your application pay R250 admin fee into our TymeBank account and WhatsApp proof of payment with your ID number to 083 830 6107. Applications close this Friday. Forward this message to friends and family.",1,synthetic_sa
Jobs in Dubai - visa arranged,"Randburg, South Africa","Workers needed in Dubai. Hotel staff, drivers, cleaners and farm workers. Earn up to R25,000 per month tax free. Visa and flight arranged by our agency. Pay R1500 processing fee and send your passport copy, ID and bank details to WhatsApp 070 839 3361. Departure is next month, only serious applicants. 100% guaranteed placement, no interviews.",1,synthetic_sa
Registered Nurse,"Randburg, South Africa","Registered Nurse - private hospital group, Randburg. SANC registration and 5 years trauma experience required. Competitive salary with medical aid contribution, pension fund and shift allowances. Applications close 15 September. Apply via our official careers portal with your CV, SANC certificate and two contactable references. No fees are charged at any stage of the recruitment process.",0,synthetic_sa
Boilermaker,"Pietermaritzburg, South Africa","Boilermaker - Pietermaritzburg. Trade tested with 6 years post-qualification experience in packaging plants. Overtime and standby allowance apply. Remuneration R28,000 - R48,000 CTC negotiable on experience. Forward your CV, trade certificate and reference letters to the workshop manager via Careers24. Medical fitness assessment forms part of the selection process.",0,synthetic_sa
Civil Engineer,"George, South Africa","Civil Engineer - consulting firm, George. BSc Eng or BEng with ECSA registration as candidate or professional engineer. 3 years experience in process optimisation. Remuneration commensurate with qualifications and experience. Apply with your CV, ECSA registration details and a portfolio of completed projects via our website. Shortlisted candidates will complete a technical interview at our George offices.",0,synthetic_sa
Models and promoters wanted,"Vereeniging, South Africa","Modelling agency in Vereeniging is recruiting new faces. No experience needed, earn up to R2,000 per shoot. Send full-length photos, your ID number and home address on WhatsApp 068 489 8381. A once-off portfolio fee of R900 is required before your first booking is confirmed. International contracts available for successful candidates. Apply before Sunday.",1,synthetic_sa
Models and promoters wanted,"Kimberley, South Africa","Modelling agency in Kimberley is recruiting new faces. No experience needed, earn up to R2,500 per shoot. Send full-length photos, your ID number and home address on WhatsApp 074 612 9847. A once-off portfolio fee of R900 is required before your first booking is confirmed. International contracts available for successful candidates. Apply before Sunday.",1,synthetic_sa
Transnet is hiring - apply now,"Sandton, South Africa","Transnet is hiring cashiers nationwide. Salary R30,000 monthly with benefits. No interviews needed, placement is guaranteed. To process your application pay R100 admin fee into our FNB eWallet account and WhatsApp proof of payment with your ID number to 081 187 8962. Applications close this Friday. Forward this message to friends and family.",1,synthetic_sa
Life Sciences Teacher,"Bloemfontein, South Africa","High school Life Sciences teacher - Bloemfontein. B.Ed or PGCE with SACE registration required, FET phase experience preferred. Salary per school governing body scale plus benefits. Send your CV, SACE certificate, academic record and two references to the principal via the school website. Closing date 25 August. Interviews will be held at the school premises. Late applications will not be considered.",0,synthetic_sa
Work from home opportunity,"East London, South Africa","Earn R900 per day answering emails at home. No qualifications needed, work your own hours. Perfect for students, moms and pensioners. Join today by sending R650 joining fee via Capitec and WhatsApp your full names, ID number and address to our agent on 078 995 7658. Payment is released every Friday, guaranteed. First 49 applicants only.",1,synthetic_sa
Fitter and Turner,"Welkom, South Africa","Fitter and Turner - Welkom. Trade tested with 8 years post-qualification experience in mining equipment. Overtime and standby allowance apply. Remuneration R25,000 - R42,000 CTC negotiable on experience. Forward your CV, trade certificate and reference letters to the workshop manager via Careers24. Medical fitness assessment forms part of the selection process.",0,synthetic_sa
