record_id,source,job_id,title,company,company_url,location,work_from_home,salary,salary_disclosed,employment_type,work_type,job_level,ee_status,posted_raw,posted_date,expires,reference,description,description_length,has_description,url,search_scope,scraped_date,description_source,salary_detail_from_page,desired_skills
CJ-0001,CareerJunction,2640280,Sales Consultant,The Recruitment Pig,https://www.careerjunction.co.za/companies/37518/the-recruitment-pig,Centurion,No,"R25,000 - R70,000 per month",Yes,Permanent,,Intermediate,,15 Aug 2026,2026-08-15,in 27 days,JHB000155,"Tracking your new career move? Are you a B2B sales professional who thrives on high performance and uncapped earning potential? If you are a process-driven individual who ""thinks in bets"", backed by your own relentless execution and refuse to let a corporate ceiling dictate your worth, this is the market disruption you have been waiting for. ABOUT THE COMPANY Representing a rapidly growing, premier force in AI-driven fleet management and telematics, our client is actively dominating the technology sector across Africa. By leveraging cutting-edge, real-time data analytics and innovative fatigue-detection software, they transform how the logistics, transport, and construction sectors optimize driver safety and slash operational costs. YOUR MISSION Forget managing a passive pipeline or hiding behind tedious HR jargon. You are here to conquer territory, unlock new business, and drive revenue growth. Pipeline Generation: Prospecting and building a high-value pipeline exclusively targeting senior decision-makers, fleet owners, and transport operators within the logistics sector. The Pitch: Conduct product demonstrations and pitch AI video surveillance solutions to fleet owners and C-suite executives. Own the Cycle: Govern the complete sales lifecycle, from initial prospecting to negotiating high-value service level agreements and closing contracts. WHO ARE YOU? The Track Record: A minimum of 3 years of B2B sales experience. Industry Intelligence: Understanding of the logistics, supply chain, and transport sectors. Build Relationships: Expert negotiation and deal-closing skills, with the professional gravitas required to pitch directly to corporate executives.",1681,Yes,https://www.careerjunction.co.za/sales-consultant-job-2640280.aspx,All Jobs in All Locations,2026-08-16,job page (full text),,
CJ-0002,CareerJunction,2640281,Sales Consultant,The Recruitment Pig,https://www.careerjunction.co.za/companies/37518/the-recruitment-pig,Cape Town,No,"R25,000 - R70,000 per month",Yes,Permanent,,Intermediate,,15 Aug 2026,2026-08-15,in 28 days,JHB000156,"Tracking your new career move? Are you a B2B sales professional who thrives on high performance and uncapped earning potential? If you are a process-driven individual who ""thinks in bets"", backed by your own relentless execution and refuse to let a corporate ceiling dictate your worth, this is the market disruption you have been waiting for. ABOUT THE COMPANY Representing a rapidly growing, premier force in AI-driven fleet management and telematics, our client is actively dominating the technology sector across Africa. By leveraging cutting-edge, real-time data analytics and innovative fatigue-detection software, they transform how the logistics, transport, and construction sectors optimize driver safety and slash operational costs. YOUR MISSION Forget managing a passive pipeline or hiding behind tedious HR jargon. You are here to conquer territory, unlock new business, and drive revenue growth. Pipeline Generation: Prospecting and building a high-value pipeline exclusively targeting senior decision-makers, fleet owners, and transport operators within the logistics sector. The Pitch: Conduct product demonstrations and pitch AI video surveillance solutions to fleet owners and C-suite executives. Own the Cycle: Govern the complete sales lifecycle, from initial prospecting to negotiating high-value service level agreements and closing contracts. WHO ARE YOU? The Track Record: A minimum of 3 years of B2B sales experience. Industry Intelligence: Understanding of the logistics, supply chain, and transport sectors. Build Relationships: Expert negotiation and deal-closing skills, with the professional gravitas required to pitch directly to corporate executives.",1681,Yes,https://www.careerjunction.co.za/sales-consultant-job-2640281.aspx,Jobs in western cape,2026-08-16,"job page (full text, mirrored from twin posting)",,
CJ-0003,CareerJunction,2640327,Accountant,The Recruitment People,https://www.careerjunction.co.za/companies/28875/the-recruitment-people,Cape Town,No,"R35,000 - R50,000 per month",Yes,Permanent,,Intermediate,,13 Aug 2026,2026-08-13,in 27 days,Cen002860,"Our client, based in Cape Town, is seeking an Accountant to join their team. Job Description: The candidate will be responsible for the full accounting function, responsibilities will include, but are not limited to: Management accounts. AP and AR. Reconciliations. Minimum Requirements: BCom. Advanced Excel skills. 3 years of experience in a similar role.",357,Yes,https://www.careerjunction.co.za/accountant-job-2640327.aspx,Jobs in western cape,2026-08-16,job page (full text),,
CJ-0004,CareerJunction,2641827,Electrician (Cradock),Sinakho Staffshop (Pty) Ltd,https://www.careerjunction.co.za/companies/26455/sinakho-staffshop-pty-ltd,Cradock,No,Undisclosed,No,Permanent,,Intermediate,,14 Aug 2026,2026-08-14,in 32 days,24625,"Key Responsibilities: Installation, maintenance, and repair of electrical systems and equipment. Fault finding and troubleshooting. Working on three-phase electrical installations. Ensuring compliance with safety regulations and electrical standards. Reading and interpreting technical drawings and wiring diagrams. Minimum Requirements: Minimum N3 qualification. Relevant experience working with three-phase power. Valid Red Seal. Knowledge and relevant experience with solar. Three-phase Wireman's Licence (Advantage). About The Employer: Join this comprehensive Engineering, Procurement, Construction, and Maintenance (EPCM) company specializing in turnkey solar solutions, Battery Energy Storage Systems (BESS), and microgrids for commercial and agricultural sectors.",771,Yes,https://www.careerjunction.co.za/electrician-cradock-job-2641827.aspx,Jobs in eastern cape,2026-08-16,job page (full text),,Fault Finding
CJ-0005,CareerJunction,2642318,Layout Designer,Vital Element (Pty) Ltd,https://www.careerjunction.co.za/companies/35770/vital-element-pty-ltd,Durban Region,No,R Undisclosed,No,Permanent,,Intermediate,,10 Aug 2026,2026-08-10,in 1 day,VE941,"Looking for a creative, analytical, and commercially minded Store Layout Designer to join the Team. This role is central to shaping the shopping experience across the Group's stores, ensuring layouts are both functional and inspiring, while driving productivity and profitability. Responsibilities: Space optimisation: Design and refine layouts that maximise retail space, sales, and customer satisfaction. Spatial planning: Balance shopper psychology with category strategies, ensuring efficient flows and adjacencies across high-traffic areas, product zones, and checkout points. Project execution: Oversee implementation, coordinating contractors and vendors to deliver projects on time, within budget, and to the highest quality standards. Performance benchmarking: Use trading density, stock density, GMROI, and GP/SQM benchmarks to guide design decisions. Requirements: Matric plus a Bachelor's degree in a related field. Minimum 3 years' experience in store design, retail merchandising, or a related discipline. Proficiency in AutoCAD or similar floor planning software.",1078,Yes,https://www.careerjunction.co.za/layout-designer-job-2642318.aspx,Jobs in kwazulu-natal,2026-08-16,job page (full text),,
CJ-0006,CareerJunction,2642338,Systems Development Manager at Ntice Sourcing Solutions (Pty) Ltd.,NTICE SOURCING SOLUTIONS (PTY) LTD.,https://www.careerjunction.co.za/companies/33092/ntice-sourcing-solutions-pty-ltd,KwaZulu-Natal,No,"R1,500,000 - R1,800,000 per month",Yes,Permanent,,Management,,10 Aug 2026,2026-08-10,in 1 day,68739,"Lead the management and strategic direction of Systems Support & Development and IT functions. Key Responsibilities: Lead systems development, integration, and technology improvement initiatives. Manage SQL Server databases, SSIS packages, SSRS reports, and Power BI solutions. Support Azure data platforms, Azure administration, and cloud-based solutions. Analyse business requirements and translate them into effective technical solutions. Manage projects from planning through to successful delivery. Collaborate with vendors, developers, and internal stakeholders. Lead and mentor technical teams to deliver high-quality support and solutions. Requirements: Bachelor's Degree in Information Systems, Computer Science, or related field. 5+ years' experience in a similar Data Manager / Systems Management role. Strong experience with Microsoft SQL Server development, Power BI, and Azure platforms.",901,Yes,https://www.careerjunction.co.za/systems-development-manager-at-ntice-sourcing-solutions-pty-ltd-job-2642338.aspx,Jobs in kwazulu-natal,2026-08-16,job page (full text),,
CJ-0007,CareerJunction,2642339,Technical Advisor - Ruminants at Ntice Sourcing Solutions (Pty) Ltd.,NTICE SOURCING SOLUTIONS (PTY) LTD.,https://www.careerjunction.co.za/companies/33092/ntice-sourcing-solutions-pty-ltd,Howick,No,R Undisclosed,No,Permanent,,Intermediate,,10 Aug 2026,2026-08-10,in 1 day,68772,"Agricultural professional who is passionate about livestock production, enjoys working directly with dairy farmers, and has a flair for building long-term relationships while growing sales. Key Responsibilities: Develop new business opportunities within the dairy farming sector. Manage, retain and grow an existing customer base. Provide technical product support and on-farm advice to customers. Achieve sales targets while increasing market share within the territory. Minimum Requirements: Agricultural Degree or Diploma (Degree preferred). Minimum 2 years' external sales experience within the agricultural industry (feed mills preferred). Fluent in Afrikaans and English. Willingness to travel extensively throughout KwaZulu-Natal.",737,Yes,https://www.careerjunction.co.za/technical-advisor-ruminants-at-ntice-sourcing-solutions-pty-ltd-job-2642339.aspx,Jobs in kwazulu-natal,2026-08-16,job page (full text),,
CJ-0008,CareerJunction,2642362,Assistant Metallurgist at Adcorp,Adcorp Blu,https://www.careerjunction.co.za/companies/35584/adcorp-blu,Richards Bay,No,R150.00 - R170.00 per hour,Yes,Contract,,Junior,,11 Aug 2026,2026-08-11,in 2 days,ASS.MET2026,Provide support services to the Metallurgy sections in order to ensure plant and process optimization. The objectives of Metallurgical Development are to develop new and improved processes and plants to produce better grade of existing products or design plants for new products. Knowledge required: An understanding of technical data and broader exposure across various plants. Entry-level role (feeder for Metallurgist position). Educational requirement: Matric / N3 (with Maths & Science). National Diploma (Metallurgical / Technical) is desirable.,551,Yes,https://www.careerjunction.co.za/assistant-metallurgist-at-adcorp-job-2642362.aspx,Jobs in kwazulu-natal,2026-08-16,job page (full text),,
CJ-0009,CareerJunction,2642381,Senior Bookkeeper,Manpower SA (Pty) Ltd.,https://www.careerjunction.co.za/companies/23095/manpower-sa-pty-ltd,Durban (Durban CBD),No,R Undisclosed,No,Permanent,,Intermediate,,11 Aug 2026,2026-08-11,in 2 days,CPT003635,"Experienced Bookkeeper to take ownership of the finance function while supporting day-to-day operations. Key Responsibilities: Bookkeeping: Process supplier invoices, monthly accounts, bank reconciliations, load payments, process payroll, submit VAT returns (using Pastel). Manage debtors and reconcile customer accounts. Administration: Provide admin support to management, coordinate travel, organize company meetings, and manage office procurement. Minimum Requirements: 5+ years' commercial bookkeeping experience. Relevant qualification in Bookkeeping/Accounting. Strong knowledge of Pastel, payroll processing, and VAT.",625,Yes,https://www.careerjunction.co.za/senior-bookkeeper-job-2642381.aspx,Jobs in kwazulu-natal,2026-08-16,job page (full text),,
CJ-0010,CareerJunction,2642454,Store Controller,Jordan HR,https://www.careerjunction.co.za/companies/27734/jordan-hr,Durban (Durban CBD),No,"R8,500 per month",Yes,Permanent,,Intermediate,,12 Aug 2026,2026-08-12,in 3 days,,"Monitor and control the production demand for raw material, packing material and finished goods by aligning with the production plan and coordinating with purchase and production. Educational qualifications: Matric/Grade 12, Forklift/Reach Truck Drivers License. Relevant experience: 2-3 years' experience in a stores/supply chain/logistics environment. Training on current GMP and Safety Health and Environment (SHE).",418,Yes,https://www.careerjunction.co.za/store-controller-job-2642454.aspx,Jobs in kwazulu-natal,2026-08-16,job page (full text),,
CJ-0011,CareerJunction,2642632,Financial Modeller at Ntice Sourcing Solutions (Pty) Ltd.,NTICE SOURCING SOLUTIONS (PTY) LTD.,https://www.careerjunction.co.za/companies/33092/ntice-sourcing-solutions-pty-ltd,KwaZulu-Natal,Yes,R Undisclosed,No,Permanent,,Senior,,12 Aug 2026,2026-08-12,in 4 days,69137,"Join a specialist infrastructure and project finance advisory team. Developing sophisticated financial models that support major infrastructure, energy, transport, water and PPP transactions. Role offers outstanding exposure to complex transactions and a clear pathway into transaction advisory.",295,Yes,https://www.careerjunction.co.za/financial-modeller-at-ntice-sourcing-solutions-pty-ltd-job-2642632.aspx,Jobs in kwazulu-natal; Work from home; CareerJunction - work from home,2026-08-16,job page (full text),,
CJ-0012,CareerJunction,2642658,Visual Merchandising Manager at Sabenza IT & Recruitment,DCV Sabenza IT and Recruitment,https://www.careerjunction.co.za/companies/32616/dcv-sabenza-it-and-recruitment,Durban (Durban CBD),No,R01 - R02 per month,Placeholder,Permanent,,Senior,,13 Aug 2026,2026-08-13,,878000021899074,"Lead the visual presentation of retail spaces, ensuring a cohesive brand image and an engaging customer experience. Role and responsibilities: Ensuring strategy is in line with Brand vision. Consistent product presentation in store and marketing. Plan photo and videography shoots. Manage seasonal signage and distribution. Create store navigation (flow of product/departments). Qualification and experience: Minimum 5 years' managerial role experience. 5+ years visual merchandising and design experience (Clothing Retail preferred). Technical skills in software (Adobe Illustrator, Photoshop, Mockshop).",605,Yes,https://www.careerjunction.co.za/visual-merchandising-manager-at-sabenza-it-%26-recruitment-job-2642658.aspx,Jobs in kwazulu-natal,2026-08-16,job page (full text),,
CJ-0013,CareerJunction,2642661,Visual Merchandising Manager at Sabenza IT & Recruitment,DCV Sabenza IT and Recruitment,https://www.careerjunction.co.za/companies/32616/dcv-sabenza-it-and-recruitment,Durban (Durban CBD),No,R01 - R02 per month,Placeholder,Permanent,,Senior,,13 Aug 2026,2026-08-13,,878000021899074,"Lead the visual presentation of retail spaces, ensuring a cohesive brand image and an engaging customer experience. Role and responsibilities: Ensuring strategy is in line with Brand vision. Consistent product presentation in store and marketing. Plan photo and videography shoots. Manage seasonal signage and distribution. Create store navigation (flow of product/departments). Qualification and experience: Minimum 5 years' managerial role experience. 5+ years visual merchandising and design experience (Clothing Retail preferred). Technical skills in software (Adobe Illustrator, Photoshop, Mockshop).",605,Yes,https://www.careerjunction.co.za/visual-merchandising-manager-at-sabenza-it-%26-recruitment-job-2642661.aspx,Jobs in kwazulu-natal,2026-08-16,"job page (full text, mirrored from twin posting)",,
CJ-0014,CareerJunction,2642696,Contracts Manager,Hire Resolve,https://www.careerjunction.co.za/companies/24781/hire-resolve,Cape Town,No,"R41,700 - R75,000 per month",Yes,Permanent,,Senior,,15 Aug 2026,2026-08-15,in 7 days,194587,"Established plumbing and construction contractor specialising in commercial and residential plumbing installations. Responsibilities: Plan projects ahead of time for profitable delivery. Manage site requirements and attend meetings with main contractors. Quality control and reporting across all sites. Manage project profitability, budgets, and material procurement. Monitor progress against construction programmes. Key Requirements: 5-10 years' experience within the plumbing industry. Previous experience as a Contracts Manager managing multiple construction sites. Strong written and verbal communication skills.",617,Yes,https://www.careerjunction.co.za/contracts-manager-job-2642696.aspx,Jobs in western cape,2026-08-16,job page (full text),,
CJ-0015,CareerJunction,2642697,Operations Coordinator,Hire Resolve,https://www.careerjunction.co.za/companies/24781/hire-resolve,Cape Town,No,"R29,200 - R37,500 per month",Yes,Permanent,,Senior,,15 Aug 2026,2026-08-15,in 7 days,194590,"Highly organised and proactive individual to support the day-to-day coordination of operational activities in the water solutions industry. Key responsibilities: Administrative support for logistics and operations. Strong organisational and time management skills. High attention to detail and strong problem-solving skills. Proficient in Microsoft Office Suite, particularly Excel. Experience using ERP or CRM systems is advantageous. Requirements: 2-5 years' experience in an operations coordination or administrative role.",525,Yes,https://www.careerjunction.co.za/operations-coordinator-job-2642697.aspx,Jobs in western cape,2026-08-16,job page (full text),,
CJ-0016,CareerJunction,2642698,Sales Engineer,Fusion Personnel,https://www.careerjunction.co.za/companies/37564/fusion-personnel,Gauteng,No,R Undisclosed,No,Permanent,,Intermediate,,15 Aug 2026,2026-08-15,in 7 days,JHB006218,"Experienced Sales Engineer with a strong background in the OEM and Mining industry. Key Responsibilities: Develop and maintain strong relationships with existing and prospective clients. Identify new business opportunities and grow market share. Prepare accurate quotations, tenders, and technical proposals. Negotiate commercial agreements and manage the tender process. Provide technical support and value-added engineering solutions. Minimum Requirements: 5-8 years' engineering sales experience within OEM and Mining. Willing to travel extensively and stay on-site or in-country for extended periods.",604,Yes,https://www.careerjunction.co.za/sales-engineer-job-2642698.aspx,All Jobs in All Locations,2026-08-16,job page (full text),,
CJ-0017,CareerJunction,2642699,Financial Accountant,Hire Resolve,https://www.careerjunction.co.za/companies/24781/hire-resolve,Montagu,No,"R37,500 - R45,800 per month",Yes,Permanent,,Specialist,,15 Aug 2026,2026-08-15,in 7 days,194631,"Overseeing core financial operations, IFRS-compliant reporting, statutory reconciliations, and inventory transaction management within a high-volume food manufacturing/FMCG environment. Key Performance Areas: Oversee daily billing and payment processing. General Ledger & IFRS processing (journal entries). Asset & Inventory management. Statutory compliance (SARS VAT, EMP201, Income Tax). Minimum Requirements: Bachelor's Degree in Accounting. Minimum 5 years of experience in an Accountant position. Strong command of IFRS and statutory tax processes.",553,Yes,https://www.careerjunction.co.za/financial-accountant-job-2642699.aspx,All Jobs in All Locations; Jobs in western cape; CareerJunction - all jobs,2026-08-16,job page (full text),,
CJ-0018,CareerJunction,2642700,Cost Accountant,Network Contracting Solutions,https://www.careerjunction.co.za/companies/31530/network-contracting-solutions,Ferreiras Dorp,No,"R40,000 - R50,000 per month",Yes,Contract,,Senior,,15 Aug 2026,2026-08-15,in 2 days,NCM003229,"Standard costing guru who will process financial information, ascertain and analyse costs and support stakeholders with the interpretation of financial information. Key responsibilities: Develop and maintain standard costing models for raw materials and labour. Analyse cost variances and investigate root causes. Monitor and reconcile Work in Progress (WIP) balances. Review and validate Bills of Materials (BOMs). Perform inventory valuation and stock reconciliations. Qualification: Completed Degree in Accounting/Finance. CIMA registration (non-negotiable). 5+ years' experience in a similar role within Manufacturing.",622,Yes,https://www.careerjunction.co.za/cost-accountant-job-2642700.aspx,All Jobs in All Locations,2026-08-16,job page (full text),,
CJ-0019,CareerJunction,2642701,Kafka Specialist at Datonomy Solutions,Datonomy Solutions (Cape Town),https://www.careerjunction.co.za/companies/31023/datonomy-solutions-cape-town,Sandton,No,"R90,000 - R110,000 per month",Yes,Contract,,Specialist,,07 Aug 2026,2026-08-07,in 1 day,849,"Technology Specialist - Kafka to design, administer, automate, secure, and optimise enterprise Kafka platforms supporting mission-critical banking applications. Key Responsibilities: Install, configure, and maintain enterprise Kafka clusters (Confluent Platform/Cloud). Optimise performance, throughput and latency. Develop and maintain automation (Terraform, Ansible, Python, CI/CD). Provide specialist Linux administration. Design and maintain secure Kafka environments (TLS/SSL, SASL). Minimum Requirements: 6+ years' experience in Systems/Platform/Infrastructure Engineering. 4+ years' hands-on Kafka administration. Experience with highly available distributed systems.",674,Yes,https://www.careerjunction.co.za/kafka-specialist-at-datonomy-solutions-job-2642701.aspx,All Jobs in All Locations; CareerJunction - all jobs,2026-08-16,job page (full text),,
CJ-0020,CareerJunction,2642703,Key Accounts Manager (Retail Accounts),The Talent Experts,https://www.careerjunction.co.za/companies/32956/the-talent-experts,Krugersdorp,Yes,Undisclosed,No,Permanent,,Intermediate,,15 Aug 2026,2026-08-15,in 7 days,SB,"An account manager role in the horticultural/retail supply sector, owning national retail accounts and driving profitable growth through relationship management, demand forecasting, pricing negotiation, and stock/merchandising coordination with store teams. Office-based during onboarding, 2 WFH days after probation; requires occasional Saturday and public-holiday work. Needs Matric, 3-5 years' retail/key-account experience, Afrikaans fluency, strong Excel/reporting skills, and a driver's licence. Basic salary plus travel/cell allowance plus uncapped commission, Mon-Fri 07:00-16:00.",588,Yes,https://www.careerjunction.co.za/key-accounts-manager-retail-accounts-job-2642703.aspx,All Jobs in All Locations; Work from home; CareerJunction - work from home,2026-08-16,"job page (summarised, URL verified)",,
CJ-0021,CareerJunction,2642705,Bookkeeper,Fusion Personnel,https://www.careerjunction.co.za/companies/37564/fusion-personnel,South Africa,No,"R30,000 - R40,000 per month",Yes,Permanent,,Intermediate,,06 Aug 2026,2026-08-06,in 2 days,JHB006219,"A full bookkeeping function for an established FMCG-adjacent company: debtor/creditor processing on Xero, supplier payments (local and foreign), consignment stock reconciliations, cashbook and bank reconciliations, month-end journals, fixed asset register, BEE/SARB compliance admin, and audit prep. Needs Matric plus 3-5 years' bookkeeping experience, Xero proficiency essential, FMCG exposure advantageous, strong Excel skills.",429,Yes,https://www.careerjunction.co.za/bookkeeper-job-2642705.aspx,All Jobs in All Locations; CareerJunction - all jobs,2026-08-16,"job page (summarised, URL verified)",,
CJ-0022,CareerJunction,2642706,Information Systems Engineer,Network Contracting Solutions,https://www.careerjunction.co.za/companies/31530/network-contracting-solutions,South Africa,No,"R50,000 - R75,000 per month",Yes,Permanent,,Senior,,07 Aug 2026,2026-08-07,in 2 days,NCM003230,"A systems analyst/engineer role in a property investment company's finance and operations team, bridging business and IT - optimizing platforms across billing, leasing, and asset management, building dashboards (arrears, cashflow, budgeting), leading system upgrades/integrations, and liaising between stakeholders and vendors. Requires a bachelor's degree in Information Systems/Finance/Accounting, 5-7 years as a systems analyst, property/financial-services exposure preferred, Power BI and basic SQL a plus.",510,Yes,https://www.careerjunction.co.za/information-systems-engineer-job-2642706.aspx,All Jobs in All Locations; CareerJunction - all jobs,2026-08-16,"job page (summarised, URL verified)",,
CJ-0023,CareerJunction,2642707,General Manager: Civil Materials Laboratory (SANAS),Watershed Consulting,https://www.careerjunction.co.za/companies/25618/watershed-consulting,Germiston,No,"R60,000 - R80,000 per month",Yes,Permanent,,Management,,07 Aug 2026,2026-08-07,in 7 days,GMCM,"Full P&L and operational leadership of a construction-materials testing lab, covering strategy, budgets, ISO 9001/SANAS compliance, SHEQ, staff leadership, and client/stakeholder relationships with consultants, contractors, and regulators. Needs a degree/diploma in Business Management, Engineering or Operations, 12-15 years in construction management, and hands-on P&L accountability experience.",397,Yes,https://www.careerjunction.co.za/general-manager-civil-materials-laboratory-sanas-job-2642707.aspx,All Jobs in All Locations; CareerJunction - all jobs,2026-08-16,"job page (summarised, URL verified)",,
CJ-0024,CareerJunction,2642710,Business Analyst (CH1202),Capital H Staffing,https://www.careerjunction.co.za/companies/30732/capital-h-staffing,Plankenbrug,No,R Undisclosed,No,Permanent,,Intermediate,,07 Aug 2026,2026-08-07,in 7 days,7efd3c99-d2d1-4,"BA role at a payment aggregator, translating business needs into requirements for new payment products - gathering/documenting requirements, supporting PMO backlog grooming and UAT, managing BA documentation. Needs a relevant tertiary qualification, 3-5 years BA experience, solid understanding of the payments ecosystem (EFT, acquiring, card schemes, settlement), and familiarity with Jira/Confluence/Visio. Driver's licence required.",435,Yes,https://www.careerjunction.co.za/business-analyst-ch1202-job-2642710.aspx,All Jobs in All Locations; Jobs in western cape; CareerJunction - all jobs,2026-08-16,"job page (summarised, URL verified)",,
CJ-0025,CareerJunction,2642711,Senior Credit Controller (Maternity Cover),Jordan HR,https://www.careerjunction.co.za/companies/27734/jordan-hr,Midrand,No,R130.00 - R160.00 per hour,Yes,Temporary,,Intermediate,,07 Aug 2026,2026-08-07,in 7 days,23 July 2026,"A temp credit-control role managing large corporate accounts (R100m+ book value, 1000+ transactions): cash allocation, reducing past-due/bad debt, negotiating payment plans, and liaising with FDs/EHODs to resolve disputes. Needs Matric, 2-5 years' credit control experience on large corporate accounts, advanced Excel, SAP and Eppix knowledge.",343,Yes,https://www.careerjunction.co.za/senior-credit-controller-maternity-cover-job-2642711.aspx,All Jobs in All Locations; CareerJunction - all jobs,2026-08-16,"job page (summarised, URL verified)",,
CJ-0026,CareerJunction,2642712,Sales Development Representative Manager - SaaS Sales (Hybrid),Sales Fraternity,https://www.careerjunction.co.za/companies/37163/sales-fraternity,Johannesburg,Yes,R Undisclosed,No,Permanent,,Intermediate,,07 Aug 2026,2026-08-07,in 7 days,,"Leading an existing offshore outbound SDR team while building a new local SA team from scratch, owning a proven LinkedIn/email leaderboard outbound playbook, personally testing new outbound plays before scaling them, and managing tools like Sales Navigator, Lemlist, HubSpot, and Clay. Needs 4+ years SDR/BDR experience with team-lead/management exposure, strong personal outbound track record, and ideally a background in Martech/SaaS or outbound-first orgs (Salesloft, Apollo, Outreach). Salary negotiable.",508,Yes,https://www.careerjunction.co.za/sales-development-representative-manager-saas-sales-hybrid-job-2642712.aspx,All Jobs in All Locations; Work from home; CareerJunction - all jobs; CareerJunction - work from home,2026-08-16,"job page (summarised, URL verified)",,
CJ-0027,CareerJunction,2642713,Sales Development Representative - SaaS Sales (Remote),Sales Fraternity,https://www.careerjunction.co.za/companies/37163/sales-fraternity,Johannesburg,Yes,R Undisclosed,No,Permanent,,Intermediate,,07 Aug 2026,2026-08-07,in 7 days,,"An individual-contributor SDR role executing the same leaderboard-led outbound playbook - LinkedIn sourcing/outreach, email sequencing via Lemlist, cold calling, and booking meetings for Account Executives via Chili Piper. Needs 2-5 years SDR/BDR experience, comfort with cold calling, multi-channel outbound experience, and ideally B2B SaaS/Martech exposure. Remote initially, reports to the SDR Manager. Salary negotiable.",424,Yes,https://www.careerjunction.co.za/sales-development-representative-saas-sales-remote-job-2642713.aspx,All Jobs in All Locations; Work from home; CareerJunction - all jobs; CareerJunction - work from home,2026-08-16,"job page (summarised, URL verified)",,
CJ-0028,CareerJunction,2642714,Medical Representative,Manpower SA (Pty) Ltd.,https://www.careerjunction.co.za/companies/23095/manpower-sa-pty-ltd,Cape Town,No,R Undisclosed,No,Permanent,,Intermediate,,07 Aug 2026,2026-08-07,in 7 days,CPT003638,"Pharma sales role promoting a prescription/OTC product portfolio to GPs, specialists, pharmacists and hospitals, with territory planning, scientific detailing, competitor monitoring, and pharmacovigilance/compliance reporting. Needs a bachelor's degree in Pharmacy, Medicine, Life Sciences or related field, 2-3 years' pharma sales experience, English/Afrikaans fluency, MS Office proficiency, and a driver's licence with willingness to travel extensively.",456,Yes,https://www.careerjunction.co.za/medical-representative-job-2642714.aspx,All Jobs in All Locations; Jobs in western cape; CareerJunction - all jobs,2026-08-16,"job page (summarised, URL verified)",,
CJ-0029,CareerJunction,2642715,Medical Representative,Manpower SA (Pty) Ltd.,https://www.careerjunction.co.za/companies/23095/manpower-sa-pty-ltd,Cape Town,No,R Undisclosed,No,Permanent,,Intermediate,,07 Aug 2026,2026-08-07,in 7 days,CPT003639,"Pharma sales role promoting a prescription/OTC product portfolio to GPs, specialists, pharmacists and hospitals, with territory planning, scientific detailing, competitor monitoring, and pharmacovigilance/compliance reporting. Needs a bachelor's degree in Pharmacy, Medicine, Life Sciences or related field, 2-3 years' pharma sales experience, English/Afrikaans fluency, MS Office proficiency, and a driver's licence with willingness to travel extensively.",456,Yes,https://www.careerjunction.co.za/medical-representative-job-2642715.aspx,All Jobs in All Locations; Jobs in western cape; CareerJunction - all jobs,2026-08-16,"job page (summarised, URL verified)",,
CJ-0030,CareerJunction,2642716,Medical Representative,Manpower SA (Pty) Ltd.,https://www.careerjunction.co.za/companies/23095/manpower-sa-pty-ltd,Durban (Durban CBD),No,R Undisclosed,No,Permanent,,Intermediate,,15 Aug 2026,2026-08-15,in 7 days,CPT003640,"Pharma sales role promoting a prescription/OTC product portfolio to GPs, specialists, pharmacists and hospitals, with territory planning, scientific detailing, competitor monitoring, and pharmacovigilance/compliance reporting. Needs a bachelor's degree in Pharmacy, Medicine, Life Sciences or related field, 2-3 years' pharma sales experience, English/Afrikaans fluency, MS Office proficiency, and a driver's licence with willingness to travel extensively.",456,Yes,https://www.careerjunction.co.za/medical-representative-job-2642716.aspx,Jobs in kwazulu-natal,2026-08-16,"job page (summarised, URL verified)",,
CJ-0031,CareerJunction,2642718,Ocean Freight Import Controller at Ntice Sourcing Solutions (Pty) Ltd.,NTICE SOURCING SOLUTIONS (PTY) LTD.,https://www.careerjunction.co.za/companies/33092/ntice-sourcing-solutions-pty-ltd,Durban (Durban CBD),No,R Undisclosed,No,Permanent,,Intermediate,,07 Aug 2026,2026-08-07,in 7 days,69335,"International leader in Clearing & Forwarding seeking an experienced Ocean Freight Import Controller. Responsibility for planning, coordinating and managing Ocean Import shipments from booking to final delivery. Requirements: Grade 12, CargoWise experience, 3+ years in Ocean Imports, knowledge of Incoterms and Customs legislation.",332,Yes,https://www.careerjunction.co.za/ocean-freight-import-controller-at-ntice-sourcing-solutions-pty-ltd-job-2642718.aspx,All Jobs in All Locations; Jobs in kwazulu-natal; CareerJunction - all jobs,2026-08-16,job page (summarised),"R30,000 - R35,000 CTC per month",
CJ-0032,CareerJunction,2642720,Sales Administrator/ Receptionist,Fusion Personnel,https://www.careerjunction.co.za/companies/37564/fusion-personnel,Gauteng,No,"R12,000 - R15,000 per month",Yes,Permanent,,Intermediate,,07 Aug 2026,2026-08-07,in 2 days,JHB006220,"A front-of-house and sales admin role at an established Modderfontein company. Covers processing sales orders/invoices, running reception (greeting visitors, switchboard), handling customer enquiries and complaints, managing sample requests/registers, and general office admin (filing, photocopying, messages). Needs Matric, bilingual with strong telephone etiquette, basic computer literacy (SAP a plus), and own transport; must live near Modderfontein/Edenvale/Kempton Park/Germiston.",486,Yes,https://www.careerjunction.co.za/sales-administrator-receptionist-job-2642720.aspx,All Jobs in All Locations; CareerJunction - all jobs,2026-08-16,"job page (summarised, URL verified)",,
CJ-0033,CareerJunction,2642721,IT Sales Consultant,Recru-it,https://www.careerjunction.co.za/companies/25448/recru-it,South Africa,No,R Undisclosed,No,Permanent,,Intermediate,,07 Aug 2026,2026-08-07,in 2 days,PE011670,"A regional sales role selling debit-order and point-of-sale payment solutions to businesses. Responsible for hitting sales/gross-profit targets, new business development, onboarding and training new merchants correctly, managing documentation/contracts, and coordinating with technical, admin, billing and account-management teams internally. Needs Matric (a sales/customer-service qualification is a plus), 3–5 years' new-business sales experience, strong cold-calling and negotiation skills, and MS Office literacy.",517,Yes,https://www.careerjunction.co.za/it-sales-consultant-job-2642721.aspx,All Jobs in All Locations; CareerJunction - all jobs,2026-08-16,"job page (summarised, URL verified)",,
CJ-0034,CareerJunction,2642722,SYSPRO Administrator,Network Contracting Solutions,https://www.careerjunction.co.za/companies/31530/network-contracting-solutions,Ferreiras Dorp,Yes,R Undisclosed,No,Permanent,,Senior,,07 Aug 2026,2026-08-07,in 2 days,NCM003231,"An ERP specialist role for a manufacturing business, optimizing their SYSPRO environment — managing BOM/MRP workflows, using SQL for reporting and troubleshooting, and supporting upgrades and system enhancements. Needs proven SYSPRO administration/consulting experience in a manufacturing setting, hands-on SQL skills, and strong stakeholder management. SYSPRO 8, systems integration, and advanced SQL/database admin experience are advantageous.",445,Yes,https://www.careerjunction.co.za/syspro-administrator-job-2642722.aspx,All Jobs in All Locations; Work from home; CareerJunction - all jobs; CareerJunction - work from home,2026-08-16,"job page (summarised, URL verified)",,
CJ-0035,CareerJunction,2642723,Project Manager - FMCG (6 month),Recru-it,https://www.careerjunction.co.za/companies/25448/recru-it,South Africa,No,R Undisclosed,No,Contract,,Senior,,07 Aug 2026,2026-08-07,in 2 days,PE011671,"Despite the listing title, this is an IT Project Manager role leading a full IT transition/transformation (systems, infrastructure, M365 environment, domain migrations) for an office, including project planning, budgeting, vendor coordination, risk management, and stabilization post-transition. Needs a Bachelor's in IT/Computer Science/Engineering, a PM certification (PMP, PRINCE2, or Agile/Scrum), and experience with M365 migrations, tenant consolidation, and enterprise IT integration projects.",500,Yes,https://www.careerjunction.co.za/project-manager-fmcg-6-month-job-2642723.aspx,All Jobs in All Locations; CareerJunction - all jobs,2026-08-16,"job page (summarised, URL verified)",,
CJ-0036,CareerJunction,2642724,Debtors Manager,GAP Recruitment Agency,https://www.careerjunction.co.za/companies/37771/gap-recruitment-agency,Durban (Durban CBD),No,R Undisclosed,No,Permanent,,Management,,07 Aug 2026,2026-08-07,in 7 days,DM01,"A senior finance leadership role owning the Accounts Receivable function — leading the collections team, improving cash flow, reducing debtor ageing and bad debt, overseeing debit order/EFT collections, and using ERP and BI tools (Power BI, Tableau, etc.) for reporting. Needs a finance/accounting degree, 8–10 years in AR/credit control (5+ in senior management), strong ERP experience (SAP, Oracle, Sage, Dynamics, or NetSuite), and advanced Excel.",450,Yes,https://www.careerjunction.co.za/debtors-manager-job-2642724.aspx,All Jobs in All Locations; Jobs in kwazulu-natal; CareerJunction - all jobs,2026-08-16,"job page (summarised, URL verified)",,
CJ-0037,CareerJunction,2642728,Trade Compliance Manager (SSA Region),Fempower Personnel,https://www.careerjunction.co.za/companies/23738/fempower-personnel,Kensington,No,"R100,000 - R120,000 per month",Yes,Permanent,,Senior,,07 Aug 2026,2026-08-07,in 7 days,dc363806-5e01-4,"A specialist trade compliance role for a global industrial manufacturer, covering export control, customs compliance, and trade governance across Sub-Saharan Africa — implementing the Global Trade Program locally, running compliance audits, and localizing global SOPs. Needs a BCom in Supply Chain, Law/LLB, or Accounting, 5+ years' experience (3+ in trade compliance/export controls) at manager/senior specialist level, strong knowledge of SA customs law and DTIC/NRCS regulations, and daily active use of SAP GTS.",515,Yes,https://www.careerjunction.co.za/trade-compliance-manager-ssa-region-job-2642728.aspx,All Jobs in All Locations; CareerJunction - all jobs,2026-08-16,"job page (summarised, URL verified)",,
CJ-0038,CareerJunction,2642729,Sales Representative,Dynexity,https://www.careerjunction.co.za/companies/35455/dynexity,Primrose,No,"R60,000 per month",Yes,Permanent,,Senior,,07 Aug 2026,2026-08-07,in 2 days,JHB003857,"A pharmaceutical/healthcare sales role for a client company, requiring 8+ years in pharma/healthcare sales, a proven record of hitting sales targets, strong communication skills, a driver's licence, and a degree in business management, pharmacy, or a related field.",265,Yes,https://www.careerjunction.co.za/sales-representative-job-2642729.aspx,All Jobs in All Locations; CareerJunction - all jobs,2026-08-16,"job page (summarised, URL verified)",,
CJ-0039,CareerJunction,2642730,Business Manager/Business Analyst- Germiston,Datafin,https://www.careerjunction.co.za/companies/22742/datafin,Germiston,No,R Undisclosed,No,Permanent,,Intermediate,,07 Aug 2026,2026-08-07,in 1 day,2607403,"A hybrid role for an industrial consumables company, combining executive-assistant duties for the MD and CFO (calendar/travel management, correspondence, confidential document handling) with business analysis work (performance reporting, data analysis, process optimization, cross-functional project coordination). Needs a Bachelor's in Business Administration/Finance, 3–5 years in business management/analysis or an EA/PA role supporting senior leadership, advanced Excel, and ideally BI tool experience (Qlikview, Power BI) plus ERP familiarity (SAP, SYSPRO).",562,Yes,https://www.careerjunction.co.za/business-manager-business-analyst-germiston-job-2642730.aspx,All Jobs in All Locations; CareerJunction - all jobs,2026-08-16,"job page (summarised, URL verified)",,
CJ-0040,CareerJunction,2642731,Sales Representative,Dynexity,https://www.careerjunction.co.za/companies/35455/dynexity,Gauteng,No,"R60,000 per month",Yes,Permanent,,Senior,,07 Aug 2026,2026-08-07,in 2 days,JHB003858,"A near-identical pharmaceutical sales posting to #8 above, also from Dynexity, for a Gauteng-based territory rather than Primrose specifically. Same requirements: 8+ years' pharma/healthcare sales experience, strong communication skills, a driver's licence, a relevant degree (pharmacy, business management or similar), and a proven sales-target track record.",359,Yes,https://www.careerjunction.co.za/sales-representative-job-2642731.aspx,All Jobs in All Locations; CareerJunction - all jobs,2026-08-16,"job page (summarised, URL verified)",,
CJ-0041,CareerJunction,2642732,Finance Consultant,Network Contracting Solutions,https://www.careerjunction.co.za/companies/31530/network-contracting-solutions,Johannesburg North (Johannesburg North),No,"R55,000 - R65,000 per month",Yes,Contract,,Senior,,07 Aug 2026,2026-08-07,in 2 days,NCM003233,"A finance function lead for a manufacturing/FMCG (beverage) company — preparing management accounts, strengthening internal controls, managing budgeting/forecasting/cash flow, ensuring statutory/tax compliance, and liaising with auditors and financial institutions. Needs a BCom in Accounting or Finance, 5+ years' finance experience (ideally in manufacturing/FMCG/beverage), prior supervisory experience, advanced ERP and Excel skills.",436,Yes,https://www.careerjunction.co.za/finance-consultant-job-2642732.aspx,All Jobs in All Locations; CareerJunction - all jobs,2026-08-16,"job page (summarised, URL verified)",,
CJ-0042,CareerJunction,2642733,Fibre Technician,Network Contracting Solutions,https://www.careerjunction.co.za/companies/31530/network-contracting-solutions,Sea Point,No,R30 - R35 per month,Yes,Contract,,Senior,,07 Aug 2026,2026-08-07,in 2 days,NCM003234,"A hands-on fibre-optic and structured-cabling installation role across client sites in Cape Town — covering FTTH/FTTB/enterprise/backbone fibre installation, fusion splicing, OTDR/power-meter testing, structured cabling (Cat5e/6/6A), fault diagnosis, and installation documentation. Needs a technical diploma (IT, Telecoms, Electronic/Electrical/Computer Systems Engineering), CompTIA Network+ and CCNA certifications, CFOT/CPCT certification (or equivalent), and 3+ years' hands-on fibre technician experience. Immediately available, Cape Town-based.",551,Yes,https://www.careerjunction.co.za/fibre-technician-job-2642733.aspx,All Jobs in All Locations; Jobs in western cape; CareerJunction - all jobs,2026-08-16,"job page (summarised, URL verified)",,
CJ-0043,CareerJunction,2642735,Chief Investment Officer,Zeal HR,https://www.careerjunction.co.za/companies/37578/zeal-hr,Pretoria CBD,No,Undisclosed,No,Permanent,,Senior,,07 Aug 2026,2026-08-07,in 7 days,61056,"An executive leadership role for a private credit/alternative investment manager serving the underbanked middle corporate market. Owns investment strategy and portfolio management, investment structuring and risk oversight, investor relations and business development, team leadership/mentorship, and governance/compliance. Needs an Honours degree in Finance, Accounting, Economics or Law, 10+ years in senior investment leadership with significant deal-making experience, and CA(SA)/CFA/FRM/MBA credentials are highly desirable.",529,Yes,https://www.careerjunction.co.za/chief-investment-officer-job-2642735.aspx,All Jobs in All Locations; CareerJunction - all jobs,2026-08-16,"job page (summarised, URL verified)",,
CJ-0044,CareerJunction,2642739,Senior Civil Engineer,Six Sense Consulting,https://www.careerjunction.co.za/companies/30543/six-sense-consulting,Gauteng,No,R Undisclosed,No,Permanent,,Senior,,07 Aug 2026,2026-08-07,in 7 days,SSC001222,"A senior civil engineering role leading research and implementation projects in smart water & wastewater infrastructure, working with public-sector clients (municipalities, water boards, government) on design, O&M planning, water demand management, and hydraulic modelling. Needs an Honours degree in civil/water engineering, 10+ years' experience in water/wastewater infrastructure design, ECSA professional registration, practical hydraulic modelling skills, and a valid driver's licence. A Master's degree is advantageous.",525,Yes,https://www.careerjunction.co.za/senior-civil-engineer-job-2642739.aspx,All Jobs in All Locations; CareerJunction - all jobs,2026-08-16,"job page (summarised, URL verified)",,
CJ-0045,CareerJunction,2642778,Product Owner (PE),Datafin,https://www.careerjunction.co.za/companies/22742/datafin,Gqeberha,No,R Undisclosed,No,Permanent,,Senior,,08 Aug 2026,2026-08-08,in 2 days,2607319,"A PE-based global Logistics Operation is seeking a Product Owner who is the single point of accountability for an IT product across its entire lifecycle — from inception through operation to retirement. In the company’s operating model, the Product Owner acts as the “mini-CEO” of the product: owning its P&L, strategic direction and roadmap, stakeholder relationships, service and vendor performance, and security posture on a continuous basis. This is an ownership and accountability role, not a coordination or reporting role. It demands a customer-centric, commercially astute leader who pairs genuine thought leadership with strong technical depth, able to shape demand, challenge decisions with evidence, and own architecture and technical trade-offs rather than delegate them. The successful candidate thrives in a fast-paced, global logistics environment and balances strategic thinking with disciplined, hands-on execution. Required Skills & Capabilities: Ownership & Accountability, Strong Technical Expertise, Thought Leadership, Financial & Commercial Acumen, Analytical & Evidence-Based Judgement, Stakeholder Leadership & Influence, Delivery & Agile Fluency, Security & Risk Awareness, Communication & Language. Preferred Experience and Qualifications: Bachelor’s Degree in IT, CS, Engineering; Product Management Certification advantageous. 5+ Years in IT Product Ownership, Technical Product Management or a Senior Technical/Solution role — ideally with P&L or TCO accountability. IT experience in the Logistics and/or Warehousing industry. Strong knowledge of the IT market, trends, technologies and best practices. Willingness to complete a Pluralsight Role IQ baseline.",1688,Yes,https://www.careerjunction.co.za/product-owner-pe-job-2642778.aspx,Jobs in eastern cape,2026-08-16,job page (full text),,
CJ-0046,CareerJunction,2642831,Product Manager,Hire Resolve,https://www.careerjunction.co.za/companies/24781/hire-resolve,Gqeberha,No,"R65,000 - R80,000 per month",Yes,Permanent,,Senior,,09 Aug 2026,2026-08-09,in 9 days,195019,"An international freight forwarding and supply chain logistics company is seeking a Product Manager who will act as the internal ""mini-CEO"" for an IT product, holding single-point accountability across its entire lifecycle—from inception through operation to retirement. Responsibilities: Own the full financial picture and Total Cost of Ownership (TCO) across run and change costs. Maintain a tiered cost model targeting >= 80% Cost Confidence. Track unit economics and explain monthly budget variances. Act as the financial gatekeeper: review/approve all invoices prior to payment and present annual data-backed lifecycle investment recommendations. Define and sign off on formal Product Definitions before work commences. Own a 12+ month rolling roadmap across 5 swim lanes: Business Capability, User/Stakeholder, Data & Integration, Platform/Technology, and Risk & Compliance. Establish and defend strategic lifecycle positions backed by annual evidence. Drive outcome-based decisions, ensuring every initiative links to a named sponsor, KPI, and measurable ROI. Serve as a strategic advisor—shaping demand and evaluating requests against value, cost, and risk. Map stakeholders, track sentiment, and adapt engagement strategies accordingly. Conduct regular business reviews based on product criticality; diplomatically challenge requests using data. Retain end-to-end service performance accountability regardless of the underlying delivery model. Manage vendors through SLAs, scorecards, and trend analysis; track adoption alongside technical metrics. Escalate failures with root-cause analysis and bring commercial recommendations backed by 12 months of performance data. Maintain continuous ownership of security, compliance (POPIA/GDPR), and risk posture. Drive access governance, validate vendor security, and ensure BCP/DR plans are tested. Formally review and sign off on residual risks annually. Maintain continuous market scanning, competitor benchmarking, and customer discovery to inform the roadmap. Act as a domain thought leader, publishing points of view and translating industry trends into competitive advantages. Champion innovation and represent the customer's voice in prioritization decisions. Make non-delegable architecture and technical trade-off decisions in partnership with Enterprise Architecture, Cloud, and Security teams. Possess deep technical understanding of the product stack, APIs, data flows, and technical debt to drive build vs. buy calls. Ensure all technical decisions align with governance standards and support security by design. Minimum Requirements: Bachelor’s degree in IT, Computer Science, Engineering, or an equivalent field. Product certifications are advantageous. 5+ years in IT Product Ownership, Technical Product Management, or Senior Technical/Solution roles with proven TCO/P&L accountability. Experience within the logistics, supply chain, or warehousing sectors is highly preferred. Willingness to complete a Pluralsight Role IQ baseline and follow a targeted learning path. Single-point ownership mindset; ability to drive outcomes independently. Deep understanding of systems architecture, integration, and engineering. Strong grasp of P&L, TCO, unit economics, and contract/vendor negotiations. Excellent stakeholder management and evidence-based decision-making skills. Expertise in Agile/Scrum, backlog management, and product delivery models. Thorough understanding of POPIA/GDPR and security governance. Exceptional written and spoken English.",3515,Yes,https://www.careerjunction.co.za/product-manager-job-2642831.aspx,Jobs in eastern cape,2026-08-16,job page (full text),,
CJ-0047,CareerJunction,2642909,SQL Server DBA,Watershed Consulting,https://www.careerjunction.co.za/companies/25618/watershed-consulting,Durban (Durban CBD),No,R1000.00 - R1001.00 per hour,Yes,Contract,,Intermediate,,10 Aug 2026,2026-08-10,in 10 days,,"A hands-on database administration role covering SQL Server and PostgreSQL (or similar) environments, with responsibility for high availability/disaster recovery/replication setups, performance tuning and query optimization, and automation via PowerShell, Bash or Python. Familiarity with ClickHouse, FoundationDB and observability tooling (Loki, Grafana, Tempo, Mimir) is a plus, alongside solid security/compliance/data-governance knowledge. Needs 6+ years' progressive DBA experience in enterprise environments and a relevant IT/Computer Science degree, plus strong incident-management and cross-stakeholder communication skills.",632,Yes,https://www.careerjunction.co.za/sql-server-dba-job-2642909.aspx,Jobs in kwazulu-natal,2026-08-16,"job page (summarised, URL verified)",,
CJ-0048,CareerJunction,2642910,C\# Back End Developer,Watershed Consulting,https://www.careerjunction.co.za/companies/25618/watershed-consulting,Durban (Durban CBD),No,R1000.00 - R1001.00 per hour,Yes,Contract,,Intermediate,,10 Aug 2026,2026-08-10,in 10 days,,"A .NET/C# backend role covering CI/CD pipelines, Docker/YAML, cloud platforms (Azure, with some GCP/on-prem exposure), and SQL Server/T-SQL database work including optimization. Involves designing and integrating RESTful APIs and microservices, automated testing, and working in Agile/Scrum teams. Needs 5+ years' professional .NET/C# experience, strong problem-solving and mentoring ability, and must be Durban-based and office-based.",435,Yes,https://www.careerjunction.co.za/c%23-back-end-developer-job-2642910.aspx,Jobs in kwazulu-natal,2026-08-16,"job page (summarised, URL verified)",,
CJ-0049,CareerJunction,2642926,CHEP & Pallet Controller,Stratogo,https://www.careerjunction.co.za/companies/24239/stratogo,Kokstad,No,"R20,000 - R25,000 per month",Yes,Contract,,Intermediate,,10 Aug 2026,2026-08-10,in 3 days,PRS000394,"A specialist finance/logistics hybrid role focused on cutting a company's pallet-related costs — owning CHEP account debits/credits/transfers, reconciling against physical stock takes, tracing lost/slow-moving equipment, enforcing signed proof-of-delivery on pallet exchanges, and setting SOPs for warehouse teams and drivers on pallet handling. Needs proven hands-on CHEP account management (Portfolio Plus/CHEP portal experience, ex-CHEP staff preferred), a financial/accounting background with strong reconciliation skills, advanced Excel (pivot tables, VLOOKUPs), and familiarity with ERP systems (SAP, Syspro, Sage).",621,Yes,https://www.careerjunction.co.za/chep-%26amp-pallet-controller-job-2642926.aspx,Jobs in kwazulu-natal,2026-08-16,"job page (summarised, URL verified)",,
CJ-0050,CareerJunction,2642931,Technical Sales Assistant Manager - Projects & Machinery at Ntice Sourcing Solutions (Pty) Ltd.,NTICE SOURCING SOLUTIONS (PTY) LTD.,https://www.careerjunction.co.za/companies/33092/ntice-sourcing-solutions-pty-ltd,KwaZulu-Natal,No,R Undisclosed,No,Permanent,,Intermediate,,10 Aug 2026,2026-08-10,in 10 days,69468,"A technical sales and project-management role for an industrial machinery supplier, covering equipment sales and service delivery, on-site technical assessments and quotations, full project lifecycle management (planning, contracts, cost/schedule control), and coordinating international/local contractors and ~90% import-heavy logistics. Involves promoting agency products (industrial robots, injection moulding equipment, pumps, pneumatics) and building supplier/customer relationships, with occasional after-hours and weekend work during seasonal projects. Needs a Mechanical/Electrical degree or diploma (N6 advantageous), 5+ years' project management and sales experience, and industry knowledge across automotive and non-automotive sectors.",746,Yes,https://www.careerjunction.co.za/technical-sales-assistant-manager-projects-%26amp-machinery-at-ntice-sourcing-solutions-pty-ltd-job-2642931.aspx,Jobs in kwazulu-natal,2026-08-16,"job page (summarised, URL verified)",,
CJ-0051,CareerJunction,2642945,Code 10 drivers,Stratogo,https://www.careerjunction.co.za/companies/24239/stratogo,Durban (Durban CBD),No,R Undisclosed,No,Contract,,Senior,,11 Aug 2026,2026-08-11,in 7 days,PRS000395,"A contract driving role requiring a valid Code 10 licence with PDP, minimum 5 years' driving experience, and residence in the Phoenix, Durban North or Umhlanga area. Shift work required; candidates need a clear criminal record and traceable references.",252,Yes,https://www.careerjunction.co.za/code-10-drivers-job-2642945.aspx,Jobs in kwazulu-natal,2026-08-16,"job page (summarised, URL verified)",,
CJ-0052,CareerJunction,2642946,creditors & debtors clerks,Stratogo,https://www.careerjunction.co.za/companies/24239/stratogo,Durban (Durban CBD),No,R Undisclosed,No,Contract,,Intermediate,,10 Aug 2026,2026-08-10,in 7 days,PRS000396,"An accounts payable role processing supplier invoices, reconciling supplier statements, preparing payments, resolving supplier queries, maintaining creditor records, and assisting with month-end. Needs Matric plus 2–3 years' creditors clerk or similar accounts payable experience; a finance-related qualification is advantageous.",329,Yes,https://www.careerjunction.co.za/creditors-%26amp-debtors-clerks-job-2642946.aspx,Jobs in kwazulu-natal,2026-08-16,"job page (summarised, URL verified)",,
CJ-0053,CareerJunction,2642948,warehouse supervisor,Stratogo,https://www.careerjunction.co.za/companies/24239/stratogo,Durban (Durban CBD),No,R Undisclosed,No,Contract,,Intermediate,,11 Aug 2026,2026-08-11,in 7 days,PRS000397,"A supervisory warehouse role requiring proven warehouse supervisory/management experience with essential container-storage experience, plus Matric, own transport, and willingness to work shifts. Emphasis on mature, dependable leadership able to manage a fast-paced, pressured warehouse floor.",292,Yes,https://www.careerjunction.co.za/warehouse-supervisor-job-2642948.aspx,Jobs in kwazulu-natal,2026-08-16,"job page (summarised, URL verified)",,
CJ-0054,CareerJunction,2642953,Bookkeeper - Ballito at Ntice Sourcing Solutions (Pty) Ltd.,NTICE SOURCING SOLUTIONS (PTY) LTD.,https://www.careerjunction.co.za/companies/33092/ntice-sourcing-solutions-pty-ltd,Ballito,No,R Undisclosed,No,Permanent,,Junior,,11 Aug 2026,2026-08-11,in 11 days,69534,"A full bookkeeping role reporting to the Finance Manager (office-based, 08:00–17:00 Mon-Fri) — capturing financial records, processing AP/AR, bank reconciliations, invoicing/collections, month-end and year-end support, financial reporting, and audit assistance. Needs a Diploma/Certificate in Accounting or Finance, 3–5 years' bookkeeping/accounting experience, strong Excel skills, and accounting software proficiency (Zoho Books advantageous).",445,Yes,https://www.careerjunction.co.za/bookkeeper-ballito-at-ntice-sourcing-solutions-pty-ltd-job-2642953.aspx,Jobs in kwazulu-natal,2026-08-16,"job page (summarised, URL verified)",,
CJ-0055,CareerJunction,2642954,National Technical Manager,Network Contracting Solutions,https://www.careerjunction.co.za/companies/31530/network-contracting-solutions,KwaZulu-Natal,No,R30 - R50 per month,Yes,Contract,,Management,,11 Aug 2026,2026-08-11,in 6 days,NCM003255,"A senior technical leadership role for a feed-milling/agricultural manufacturer, overseeing technical strategy across multiple KZN facilities — product quality, manufacturing excellence, batching/process control, regulatory compliance, and cross-functional partnership with Operations, Production, Quality, Procurement and R&D. Reports to the Managing Director; also covers quality-issue investigations, KPI monitoring, and technical-team mentoring. Needs a BSc in Animal Science, Agricultural Science, Engineering or related field (postgrad advantageous), 8+ years in senior technical leadership within manufacturing, and proven feed milling/process manufacturing experience.",676,Yes,https://www.careerjunction.co.za/national-technical-manager-job-2642954.aspx,Jobs in kwazulu-natal,2026-08-16,"job page (summarised, URL verified)",,
CJ-0056,CareerJunction,2642955,Casheir (Chatsworth),Quest,https://www.careerjunction.co.za/companies/22923/quest,Chatsworth (Chatsworths Town Centre),No,R0.00 - R36.00 per hour,Yes,Contract,,Intermediate,,11 Aug 2026,2026-08-11,in 11 days,#CashChats213,"An immediate-start retail cashier role in Chatsworth, Durban. Needs Matric, 1–2 years' prior cashier experience, residence in Chatsworth, a clear criminal record, and good communication/customer-service skills. Immediate availability required.",243,Yes,https://www.careerjunction.co.za/casheir-chatsworth-job-2642955.aspx,Jobs in kwazulu-natal,2026-08-16,"job page (summarised, URL verified)",,
CJ-0057,CareerJunction,2642965,Mechanical Draughtsman,Hire Resolve,https://www.careerjunction.co.za/companies/24781/hire-resolve,Durban (Durban CBD),No,"R29,200 - R41,700 per month",Yes,Permanent,,Specialist,,11 Aug 2026,2026-08-11,in 8 days,195460,"A permanent draughting role specialising in wet services, requiring 2+ years' mechanical draughting experience and a certificate in Revit MEP 2013 or higher. Recruiter notes a highly competitive, experience-based salary.",220,Yes,https://www.careerjunction.co.za/mechanical-draughtsman-job-2642965.aspx,Jobs in kwazulu-natal,2026-08-16,"job page (summarised, URL verified)",,
CJ-0058,CareerJunction,2642968,Mechanical Fitter Assistant,Stratogo,https://www.careerjunction.co.za/companies/24239/stratogo,Durban (Durban CBD),No,R Undisclosed,No,Contract,,Intermediate,,11 Aug 2026,2026-08-11,in 7 days,PRS000398,"A petrochemical/chemical-industry fitter assistant role needing 5+ years' relevant experience, ability to work in confined spaces, a good grasp of mechanical maintenance and workshop safety, and a clear criminal record. Forklift licence advantageous.",250,Yes,https://www.careerjunction.co.za/mechanical-fitter-assistant-job-2642968.aspx,Jobs in kwazulu-natal,2026-08-16,"job page (summarised, URL verified)",,
CJ-0059,CareerJunction,2642970,Accounts Executive at Ntice Sourcing Solutions (Pty) Ltd.,NTICE SOURCING SOLUTIONS (PTY) LTD.,https://www.careerjunction.co.za/companies/33092/ntice-sourcing-solutions-pty-ltd,Umhlanga Ridge,No,R Undisclosed,No,Permanent,,Management,,11 Aug 2026,2026-08-11,in 11 days,69600,"Despite the listing title, this is a Senior Account Manager role at a marketing/creative agency in Umhlanga — a newly created position managing a diverse client portfolio, leading meetings/presentations/strategy sessions, briefing internal creative/production/digital teams, monitoring project budgets and timelines, and mentoring junior staff, with occasional local/national travel. Needs a tertiary qualification in Marketing/Communications/Business, 7+ years in an advertising/branding/creative agency environment, and a valid driver's licence.",547,Yes,https://www.careerjunction.co.za/accounts-executive-at-ntice-sourcing-solutions-pty-ltd-job-2642970.aspx,Jobs in kwazulu-natal,2026-08-16,"job page (summarised, URL verified)",,
CJ-0060,CareerJunction,2642977,Trade Tested Mechanical Fitter,Stratogo,https://www.careerjunction.co.za/companies/24239/stratogo,Durban (Durban CBD),No,R Undisclosed,No,Contract,,Senior,,10 Aug 2026,2026-08-10,in 7 days,PRS000399,"A trade-tested fitter role in the petrochemical/chemical sector, requiring an Olifantsfontein-preferred trade test, N3 Certificate in Mechanical Engineering, and 5+ years' petrochemical/chemical industry experience. Confined-space work involved; clear criminal record required.",277,Yes,https://www.careerjunction.co.za/trade-tested-mechanical-fitter-job-2642977.aspx,Jobs in kwazulu-natal,2026-08-16,"job page (summarised, URL verified)",,
CJ-0061,CareerJunction,2642981,Instrument Technician Assistant,Stratogo,https://www.careerjunction.co.za/companies/24239/stratogo,Durban (Durban CBD),No,R Undisclosed,No,Contract,,Intermediate,,10 Aug 2026,2026-08-10,in 7 days,PRS000400,"An entry-level instrumentation support role in the petrochemical/chemical industry, requiring Matric, apprenticeship or learnership experience in instrumentation, and good teamwork/communication skills.",202,Yes,https://www.careerjunction.co.za/instrument-technician-assistant-job-2642981.aspx,Jobs in kwazulu-natal,2026-08-16,"job page (summarised, URL verified)",,
CJ-0062,CareerJunction,2642983,Instrument Technician,Stratogo,https://www.careerjunction.co.za/companies/24239/stratogo,Durban (Durban CBD),No,R Undisclosed,No,Contract,,Senior,,10 Aug 2026,2026-08-10,in 6 days,PRS000401,"A senior trade-tested instrumentation role for the petrochemical/chemical sector, requiring recognised trade papers (Olifantsfontein preferred), a minimum N4 Certificate in Instrumentation, and 10+ years' relevant industry experience.",234,Yes,https://www.careerjunction.co.za/instrument-technician-job-2642983.aspx,Jobs in kwazulu-natal,2026-08-16,"job page (summarised, URL verified)",,
CJ-0063,CareerJunction,2642987,Safety Officer,Stratogo,https://www.careerjunction.co.za/companies/24239/stratogo,Durban (Durban CBD),No,R Undisclosed,No,Contract,,Intermediate,,11 Aug 2026,2026-08-11,in 7 days,PRS000402,"A safety officer role for the petrochemical/chemical sector requiring a NOSA qualification, valid Basic Rigging certification, and 5+ years' industry experience. Clear criminal record required.",193,Yes,https://www.careerjunction.co.za/safety-officer-job-2642987.aspx,Jobs in kwazulu-natal,2026-08-16,"job page (summarised, URL verified)",,
CJ-0064,CareerJunction,2642990,confined space/vessel entry Monitor,Stratogo,https://www.careerjunction.co.za/companies/24239/stratogo,Durban (Durban CBD),No,R Undisclosed,No,Contract,,Intermediate,,11 Aug 2026,2026-08-11,in 7 days,PRS000403,"A safety-monitoring role for confined space/vessel entry work in the petrochemical/chemical industry, requiring a valid Confined Space Training Certificate, 2+ years' relevant industry experience, and solid English communication skills.",236,Yes,https://www.careerjunction.co.za/confined-space-vessel-entry-monitor-job-2642990.aspx,Jobs in kwazulu-natal,2026-08-16,"job page (summarised, URL verified)",,
CJ-0065,CareerJunction,2642991,General Labourers,Stratogo,https://www.careerjunction.co.za/companies/24239/stratogo,Durban (Durban CBD),No,R Undisclosed,No,Contract,,Intermediate,,10 Aug 2026,2026-08-10,in 8 days,PRS000404,"A physically demanding labour role for an industrial site, requiring candidates who are medically fit for hard manual labour, comfortable in confined spaces (prior confined-space experience advantageous), and hold a clear criminal record.",238,Yes,https://www.careerjunction.co.za/general-labourers-job-2642991.aspx,Jobs in kwazulu-natal,2026-08-16,"job page (summarised, URL verified)",,
CJ-0066,CareerJunction,2642995,Branch Manager,The Recruitment Pig,https://www.careerjunction.co.za/companies/37518/the-recruitment-pig,KwaZulu-Natal,No,"R20,000 - R35,000 per month",Yes,Permanent,,Intermediate,,10 Aug 2026,2026-08-10,in 3 days,JHB000216,"A branch/salon manager role for an established Ballito beauty salon chain, overseeing daily operations, guiding beauty therapists, running daily operational checklists, managing skincare/nail product inventory, and handling client bookings. Needs a qualification in Somatology, Dermatology or a related beauty field, prior team-leadership or salon-management experience, and training in skincare, waxing, manicures and pedicures preferred.",439,Yes,https://www.careerjunction.co.za/branch-manager-job-2642995.aspx,Jobs in kwazulu-natal,2026-08-16,"job page (summarised, URL verified)",,
CJ-0067,CareerJunction,2643044,Microsoft PowerBI Developer,Hire Resolve,https://www.careerjunction.co.za/companies/24781/hire-resolve,Johannesburg,Yes,"R29,200 - R37,500 per month",Yes,Permanent,,Senior,,14 Aug 2026,2026-08-14,in 14 days,195603,"A BI developer role for a technology consulting firm, building Power BI solutions across Power BI Desktop and Service, with advanced DAX, Power Query (M) and data-modeling work, complex SQL queries/stored procedures, ETL/data-warehousing concepts, and integrating multiple data sources. Needs a degree/diploma in IT, Computer Science, Data Analytics or related field, and 3+ years' Power BI development experience.",414,Yes,https://www.careerjunction.co.za/microsoft-powerbi-developer-job-2643044.aspx,Work from home; CareerJunction - work from home,2026-08-16,"job page (summarised, URL verified)",,
CJ-0068,CareerJunction,2643045,Blowmoulding Technician (Artisan),Hire Resolve,https://www.careerjunction.co.za/companies/24781/hire-resolve,Tulbagh,No,"R25,000 - R30,000 per month",Yes,Permanent,,Senior,,14 Aug 2026,2026-08-14,in 14 days,195606,"A blow-moulding machine technician role for a beverage manufacturer's PET bottle production line — operating, maintaining, and troubleshooting blow moulding equipment (mechanical, electrical, pneumatic, hydraulic faults), assisting with mould changes and commissioning, minor PLC/drive/sensor adjustments, and quality/documentation compliance. Needs a technical qualification (N4, trade test or equivalent) in Mechanical, Electrical or Plastics Engineering, proven blow moulding experience, and willingness to work rotating shifts including weekends and public holidays. Salary negotiable.",589,Yes,https://www.careerjunction.co.za/blowmoulding-technician-artisan-job-2643045.aspx,Jobs in western cape,2026-08-16,"job page (summarised, URL verified)",,
CJ-0069,CareerJunction,2643046,Logistics Manager at Ntice Sourcing Solutions (Pty) Ltd.,NTICE SOURCING SOLUTIONS (PTY) LTD.,https://www.careerjunction.co.za/companies/33092/ntice-sourcing-solutions-pty-ltd,Eastern Cape,No,R Undisclosed,No,Permanent,,Management,,13 Aug 2026,2026-08-13,in 14 days,69666,"A leading FMCG Manufacturing company is seeking an experienced and results-driven Logistics Manager to join its team. Reporting to the Commercial Executive, the successful candidate will be responsible for leading and optimising all logistics and supply chain operations to ensure efficient, cost-effective, and customer-focused service delivery. Key Responsibilities: Plan, manage, and continuously improve logistics operations while collaborating with internal stakeholders, suppliers, transport providers, and customers. Develop and implement logistics strategies, policies, and best practices to enhance operational efficiency and financial performance. Deliver effective solutions to logistics challenges while maintaining high service levels within budget. Monitor inventory levels, stock movements, transport costs, delivery schedules, and overall logistics performance. Ensure inventory accuracy and oversee stock control processes through effective management of the logistics team. Manage production planning to ensure alignment with customer demand and operational requirements. Coordinate raw material procurement to support uninterrupted production. Monitor and manage slow-moving and obsolete inventory, implementing corrective actions where necessary. Identify and implement cost-saving initiatives by improving processes and eliminating waste. Analyse logistics data and trends to drive continuous improvement in customer service, operational performance, and cost optimisation. Ensure compliance with Health, Safety, and Environmental (HSE) standards and company policies. Minimum Requirements: A qualification in Logistics or Supply Chain Management is essential. A relevant tertiary degree will be advantageous. Minimum of five (5) years' experience in logistics, supply chain, or transportation within a manufacturing environment. Solid understanding of logistics planning, inventory management, procurement, and distribution processes. At least two (2) years' experience in a management or supervisory role. Previous experience within an FMCG manufacturing environment will be advantageous. Key Competencies: Strong leadership skills with the ability to motivate, develop, and manage high-performing teams. Excellent communication and relationship-building skills. Strong negotiation and influencing abilities. Customer-focused with a commitment to service excellence. Analytical thinker with strong problem-solving capabilities. Excellent planning, organisational, and coordination skills. High attention to detail and the ability to work effectively under pressure.",2588,Yes,https://www.careerjunction.co.za/logistics-manager-at-ntice-sourcing-solutions-pty-ltd-job-2643046.aspx,Jobs in eastern cape,2026-08-16,job page (full text),,Logistics; FMCG; Management
CJ-0070,CareerJunction,2643047,Component Engineer,Rosstone Consulting,https://www.careerjunction.co.za/companies/37912/rosstone-consulting,Kariega,No,"R25,000 - R45,000 per month",Yes,Contract,,Specialist,,13 Aug 2026,2026-08-13,in 14 days,CPM270726,"About the Opportunity: The release of vehicle body components via engineering processes and systems. The resolution of design related problems on all locally manufactured platforms. Keep accurate record of part level and software built in production (Bill of Material). Co-ordination of testing and release of components & systems. Initiate and drive cost savings on components into production. Good problem solving and communication skills and have to function well within a group environment. German or Portuguese communication skills will be an advantage. Essential: Technical National Diploma or Degree. 5 years experience in Supplier/Quality/ Engineering of automotive components (Development /Improvements / Problem solving). Initiative, be a self-starter with the ability to work independently and as part of a team. Excellent communication skills to all levels. Willingness to travel and learn German & Portuguese language. Ability to quickly learn and understand complex components/systems/networks. Good technical problem solving ability. Computer literate (Microsoft Office tools). Knowledge in various plastic/rubber forming technologies required. Preferred: Mechatronics/Mechanical Engineering qualification or equivalent multi-discipline. Knowledge of automotive components assemblies i.e. front ends, etc. Problem solving experience related to production and supplier challenges. Component development experience would be advantageous. German language knowledge.",1477,Yes,https://www.careerjunction.co.za/component-engineer-job-2643047.aspx,Jobs in eastern cape,2026-08-16,job page (full text),,Component development; Plastic/rubber forming technologies; Automotive components; Mechatronics/Mechanical Engineering; Problem solving experience; Understand complex components; Bill of Material
CJ-0071,CareerJunction,2643048,SAP Data Volume Management (DVM) Administrator at Datonomy Solutions,Datonomy Solutions (Cape Town),https://www.careerjunction.co.za/companies/31023/datonomy-solutions-cape-town,Cape Town,No,R Undisclosed,No,Contract,,Specialist,,13 Aug 2026,2026-08-13,in 8 days,854,"A specialist SAP technical role for a large enterprise retail environment, owning the end-to-end SAP data archiving lifecycle — configuring the SAP Archive Development Kit (ADK), creating and maintaining archiving objects and information structures, scheduling/monitoring archive jobs, and analysing database/table growth against business processes. Also supports SAP upgrade testing and new storage migrations. Needs 5+ years' SAP experience (SAP ERP essential; SAP BW/CAR highly advantageous), a relevant SAP certification or 3–5 years' SAP Retail Support experience, and strong understanding of SAP system landscapes, IDocs, and integration.",644,Yes,https://www.careerjunction.co.za/sap-data-volume-management-dvm-administrator-at-datonomy-solutions-job-2643048.aspx,Jobs in western cape,2026-08-16,"job page (summarised, URL verified)",,
CJ-0072,CareerJunction,2643054,Senior Integration & Streaming Engineer at Sabenza IT & Recruitment,DCV Sabenza IT and Recruitment,https://www.careerjunction.co.za/companies/32616/dcv-sabenza-it-and-recruitment,Pretoria,Yes,R1.00 - R2.00 per hour,Placeholder,Contract,,Senior,,14 Aug 2026,2026-08-14,in 10 days,878000022231501,"A senior role architecting real-time, event-driven integration platforms using Apache Kafka, Python, Java and cloud-native tooling, covering REST/webhook integrations, Kafka Connect, schema registry (Avro/Protobuf), ETL/ELT and streaming pipeline development, within Agile/DevOps delivery. Needs 6–10 years in Integration/Streaming/Data/Backend Engineering, proven production Kafka experience, and a relevant Computer Science/IT degree; cloud, Kafka, and Agile certifications are a plus.",487,Yes,https://www.careerjunction.co.za/senior-integration-%26amp-streaming-engineer-at-sabenza-it-%26-recruitment-job-2643054.aspx,Work from home; CareerJunction - work from home,2026-08-16,"job page (summarised, URL verified)",,
CJ-0073,CareerJunction,2643055,Marketing Assistant,Kelly,https://www.careerjunction.co.za/companies/36934/kelly,Cape Town,No,R Undisclosed,No,Permanent,,Intermediate,,14 Aug 2026,2026-08-14,in 14 days,316397219984488,"A marketing support role for a busy commercial team — coordinating campaigns and promotions, preparing reports/presentations, maintaining marketing data, assisting with digital/social media activity, monitoring campaign performance, and liaising with suppliers. Needs Matric plus a Marketing/Business diploma or degree (digital marketing essential), 3+ years in a busy office-based role, own transport, strong MS Office skills, and a minimum 60% score on an Excel competency assessment.",486,Yes,https://www.careerjunction.co.za/marketing-assistant-job-2643055.aspx,Jobs in western cape,2026-08-16,"job page (summarised, URL verified)",,
CJ-0074,CareerJunction,2643056,Customer Service Administrator,Kelly,https://www.careerjunction.co.za/companies/36934/kelly,Cape Town,No,R Undisclosed,No,Permanent,,Intermediate,,14 Aug 2026,2026-08-14,in 14 days,715085845376217,"A client-service/compliance administration role handling employer and employee queries, disputes, and inspections; processing pension, funeral, death, disability, medical aid and sick fund claims; capturing complaints and site-visit data; and issuing/following up compliance orders. Needs Matric, a Higher Certificate/Diploma/Degree in Finance, HR or Business Management, fluency in English and Afrikaans, and 1–2 years' customer service experience.",449,Yes,https://www.careerjunction.co.za/customer-service-administrator-job-2643056.aspx,Jobs in western cape,2026-08-16,"job page (summarised, URL verified)",,
CJ-0075,CareerJunction,2643058,Assistant Investment Portfolio Manager,The Talent Experts,https://www.careerjunction.co.za/companies/32956/the-talent-experts,George Central,No,R Undisclosed,No,Permanent,,Junior,,14 Aug 2026,2026-08-14,in 14 days,CDP,"An entry-level portfolio management role at a boutique investment firm in George, supporting senior Portfolio Managers with portfolio construction, rebalancing, trade execution, performance reporting and compliance monitoring across equities, fixed income, ETFs, unit trusts and alternatives, with structured mentoring toward a future PM role. Needs a completed degree in Finance, Investments or Economics, some trade-execution exposure, strong Excel/financial modelling skills, and progress toward CFA/CFP is advantageous. Fully office-based.",543,Yes,https://www.careerjunction.co.za/assistant-investment-portfolio-manager-job-2643058.aspx,Jobs in western cape,2026-08-16,"job page (summarised, URL verified)",,
CJ-0076,CareerJunction,2643062,E-commerce Growth Lead at Datonomy Solutions,Datonomy Solutions (Cape Town),https://www.careerjunction.co.za/companies/31023/datonomy-solutions-cape-town,Cape Town,No,"R70,000 - R95,000 per month",Yes,Contract,,Specialist,,14 Aug 2026,2026-08-14,in 8 days,855,"A growth experimentation lead running 3–5 funnel tests a week across CRM, paid media, product journeys and loyalty offers, using ICE/RICE prioritisation to manage an experiment backlog spanning acquisition, activation, conversion and retention. Works closely with a Growth Analyst plus CRM/Performance Marketing/Product teams, and reports weekly wins, failures and next steps. Needs 5+ years in growth/product growth/digital commerce roles, hands-on A/B and funnel testing experience, and exposure to tools like GA4, Amplitude, Optimizely or VWO.",546,Yes,https://www.careerjunction.co.za/e-commerce-growth-lead-at-datonomy-solutions-job-2643062.aspx,Jobs in western cape,2026-08-16,"job page (summarised, URL verified)",,
CJ-0077,CareerJunction,2643067,Financial Director,121 Talent,https://www.careerjunction.co.za/companies/27643/121-talent,Durban (Durban CBD),No,Undisclosed,No,Permanent,,Executive,,14 Aug 2026,2026-08-14,in 14 days,TAL3983,"An executive finance leadership role for a freight, maritime and bulk-handling logistics operator, reporting to the MD — owning budgets, financial strategy, BBBEE/transformation reporting, statutory and board reporting, finance-department management (including payroll and internal controls), and business development input on rates and cost-cutting. Needs Matric, a CA(SA) or equivalent qualification, 10+ years' relevant experience, and freight/logistics industry exposure is a distinct advantage.",499,Yes,https://www.careerjunction.co.za/financial-director-job-2643067.aspx,Jobs in kwazulu-natal,2026-08-16,"job page (summarised, URL verified)",,
CJ-0078,CareerJunction,2643068,Workplace (Endpoint) Support Engineer (Level 2) (CH1263),Capital H Staffing,https://www.careerjunction.co.za/companies/30732/capital-h-staffing,Plankenbrug,Yes,R Undisclosed,No,Permanent,,Intermediate,,14 Aug 2026,2026-08-14,in 14 days,e5236d7e-4ec7-4,"An L2 modern-workplace support role for an international warehouse-automation/robotics group, resolving escalated end-user incidents across Windows/macOS/iOS/Android, Microsoft 365, Intune and Entra ID, mitigating Conditional Access issues, triaging Defender for Endpoint alerts, and maintaining knowledge articles/runbooks. Needs a bachelor's degree or equivalent, 3–5 years' relevant enterprise/consulting experience, strong M365/Entra/Windows 11 knowledge, and a valid passport with willingness to travel to Belgium for training. Fully remote from South Africa.",564,Yes,https://www.careerjunction.co.za/workplace-endpoint-support-engineer-level-2-ch1263-job-2643068.aspx,Jobs in western cape; Work from home; CareerJunction - work from home,2026-08-16,"job page (summarised, URL verified)",,
CJ-0079,CareerJunction,2643071,Systems Engineer (Core Infrastructure) (Level 2) (CH1264),Capital H Staffing,https://www.careerjunction.co.za/companies/30732/capital-h-staffing,Plankenbrug,Yes,R Undisclosed,No,Permanent,,Intermediate,,14 Aug 2026,2026-08-14,in 14 days,0cd61014-3157-4,"A second-line infrastructure support role for the same international warehouse-automation group, administering Windows Server, Active Directory, virtualisation and backup solutions; resolving escalated infrastructure incidents; and supporting patching, monitoring and disaster recovery. Needs a relevant IT qualification, 3–5 years in systems administration/enterprise infrastructure, and Azure/PowerShell/Linux/Citrix exposure is advantageous. Fully remote from South Africa; requires a valid passport for occasional international training travel.",548,Yes,https://www.careerjunction.co.za/systems-engineer-core-infrastructure-level-2-ch1264-job-2643071.aspx,Jobs in western cape; Work from home; CareerJunction - work from home,2026-08-16,"job page (summarised, URL verified)",,
CJ-0080,CareerJunction,2643072,Lead .NET Developer at Datonomy Solutions,Datonomy Solutions (Cape Town),https://www.careerjunction.co.za/companies/31023/datonomy-solutions-cape-town,Cape Town,No,R Undisclosed,No,Contract,,Senior,,14 Aug 2026,2026-08-14,in 8 days,856,"A technical leadership role for a large SA retail technology environment, leading design and development of enterprise .NET/.NET Core applications, scalable APIs and microservices, mentoring developers, and driving code-review standards within Agile teams. Needs 8+ years' software development experience (5+ in .NET/.NET Core/.NET 8), strong C#/ASP.NET Core, SQL Server/EF Core, and Azure cloud development experience; Docker/Kubernetes, event-driven architecture, React/Angular and retail experience are advantageous.",519,Yes,https://www.careerjunction.co.za/lead-net-developer-at-datonomy-solutions-job-2643072.aspx,Jobs in western cape,2026-08-16,"job page (summarised, URL verified)",,
CJ-0081,CareerJunction,2643078,Engineering Technician - HVAC,Jordan HR,https://www.careerjunction.co.za/companies/27734/jordan-hr,Cape Town,No,R70 - R100 per month,Yes,Permanent,,Senior,,14 Aug 2026,2026-08-14,in 14 days,JHB012621,"A senior HVAC design and maintenance role for a facilities management company, requiring a B Tech/S4/N6 in Mechanical/Refrigeration and Air-Conditioning Engineering (Electrical qualification and electrical trade test advantageous), Matric, a Code B driver's licence with frequent travel, and 10–15 years' HVAC design and maintenance experience.",344,Yes,https://www.careerjunction.co.za/engineering-technician-hvac-job-2643078.aspx,Jobs in western cape,2026-08-16,"job page (summarised, URL verified)",,
CJ-0082,CareerJunction,2643079,Distribution Supervisor (EE),Watershed Consulting,https://www.careerjunction.co.za/companies/25618/watershed-consulting,Montague Gardens,No,"R30,000 - R34,000 per month",Yes,Permanent,,Intermediate,EE,14 Aug 2026,2026-08-14,in 14 days,DS-BCT,"A distribution operations role leading local, export, branch and agent deliveries to an On-Time-In-Full (OTIF) standard — covering route planning and dispatch, fleet compliance, POD/system administration, 3PL/CHEP equipment control, inventory audits, team supervision, and daily/weekly/monthly operational reporting (fuel usage, truck utilisation, OTIF, picker errors). Needs Matric (tertiary logistics/supply chain qualification advantageous), 3–6 years' supervisory experience in manufacturing/logistics/distribution, and route-planning/3PL software experience.",563,Yes,https://www.careerjunction.co.za/distribution-supervisor-ee-job-2643079.aspx,Jobs in western cape,2026-08-16,"job page (summarised, URL verified)",,
CJ-0083,CareerJunction,2643081,Truck & LDV Workshop Manager - Logistics (KZN),Watershed Consulting,https://www.careerjunction.co.za/companies/25618/watershed-consulting,Pinetown,No,"R50,000 - R55,000 per month",Yes,Permanent,,Senior,,14 Aug 2026,2026-08-14,in 14 days,WMPV,"A workshop management role overseeing full truck/LDV workshop operations — capacity planning, work-in-progress, staff and asset management, budgets, quality and safety compliance, SLA management, service-log maintenance, and running apprentice programmes. Needs Grade 12, a trade-tested Diesel Mechanic qualification, 7+ years' supervisory/management experience in a logistics workshop, strong knowledge of hydraulics/diesel engines/auto electrical systems, and a Code 10/14 driver's licence advantageous.",505,Yes,https://www.careerjunction.co.za/truck-%26amp-ldv-workshop-manager-logistics-kzn-job-2643081.aspx,Jobs in kwazulu-natal,2026-08-16,"job page (summarised, URL verified)",,
CJ-0084,CareerJunction,2643085,Warehouse Manager - Textiles,Stratogo,https://www.careerjunction.co.za/companies/24239/stratogo,Durban (Durban CBD),No,R Undisclosed,No,Permanent,,Intermediate,,14 Aug 2026,2026-08-14,in 10 days,HQ001298,"A hands-on warehouse leadership role specifically requiring textile-warehouse experience — managing receiving, storage, picking, packing and dispatch of textile products, stock control/reconciliations, warehouse layout, KPI monitoring, and cross-department coordination with Production, Procurement and Sales. Needs Matric, a warehousing/logistics qualification advantageous, 5+ years as a Warehouse Manager with essential textile-industry experience, and WMS/ERP computer literacy.",482,Yes,https://www.careerjunction.co.za/warehouse-manager-textiles-job-2643085.aspx,Jobs in kwazulu-natal,2026-08-16,"job page (summarised, URL verified)",,
CJ-0085,CareerJunction,2643088,IT Support Specialist,Stratogo,https://www.careerjunction.co.za/companies/24239/stratogo,Durban (Durban CBD),No,R Undisclosed,No,Permanent,,Intermediate,,14 Aug 2026,2026-08-14,in 10 days,HQ001299,"An IT support role acting as primary internal support for a Sage ERP (Sage 50) environment, alongside first/second-line helpdesk support, Active Directory/M365 user management, and month-end/year-end ERP processing support. Needs a Diploma/Degree in IT or Computer Science, 2–4 years in an IT Helpdesk/Desktop Support role, and hands-on Sage ERP support/administration experience is essential; basic accounting knowledge and Crystal Reports experience are advantageous.",469,Yes,https://www.careerjunction.co.za/it-support-specialist-job-2643088.aspx,Jobs in kwazulu-natal,2026-08-16,"job page (summarised, URL verified)",,
CJ-0086,CareerJunction,2643092,Warehouse Supervisor George,Stratogo,https://www.careerjunction.co.za/companies/24239/stratogo,George,No,R Undisclosed,No,Permanent,,Junior,,14 Aug 2026,2026-08-14,in 10 days,HQ001300,"An on-site warehouse supervisor role managing receiving, storage, picking and dispatch; opening/closing and securing the site; supervising labour-broker temp staff; running cycle counts and FIFO stock reconciliation; and producing daily/weekly operational reports. Needs Grade 12, a warehousing/logistics qualification advantageous, 3–5 years' warehouse experience with 1–2 years supervisory experience, and a forklift licence is advantageous. (Note: a near-identical second posting for the same role, company and location appears later in this list under a different reference — see #16b in Part 1 continuation.)",613,Yes,https://www.careerjunction.co.za/warehouse-supervisor-george-job-2643092.aspx,Jobs in western cape,2026-08-16,"job page (summarised, URL verified)",,
CJ-0087,CareerJunction,2643105,DevOps Engineer,EQPlus,https://www.careerjunction.co.za/companies/31524/eqplus,Cape Town Region,No,Undisclosed,No,Contract,,Senior,,14 Aug 2026,2026-08-14,in 14 days,,"A DevOps role for a financial-services enterprise, designing/optimising CI/CD pipelines, automating infrastructure provisioning, and managing workloads across AWS, Kubernetes and on-premise environments within a compliance-driven setting. Needs proven enterprise DevOps experience, strong Azure DevOps skills (GitHub Actions advantageous), AWS/Kubernetes/on-prem deployment experience, and Infrastructure-as-Code (Terraform/ARM/Bicep) and scripting (PowerShell/Bash/Python) skills are advantageous.",498,Yes,https://www.careerjunction.co.za/devops-engineer-job-2643105.aspx,Jobs in western cape,2026-08-16,"job page (summarised, URL verified)",,
CJ-0088,CareerJunction,2643107,Microsoft Office 365 & Azure Solutions Consultant (Digital Transformation & Automation) (CPT Hybrid),Datafin,https://www.careerjunction.co.za/companies/22742/datafin,Cape Town,Yes,R Undisclosed,No,Permanent,,Senior,,14 Aug 2026,2026-08-14,in 8 days,2607501,"A hybrid technical/managerial role (60% billable client delivery, 40% technical management) architecting Office 365 and Azure solutions, running digital-transformation workshops and proofs-of-concept, and leading/mentoring a technical delivery team. Needs a Computer Science/Information Systems degree, Microsoft certifications (MS-900, AZ-104) strongly preferred, 5+ years in Microsoft cloud solutions delivery and web development, and proficiency in Exchange Online, SharePoint Online, Teams, Azure AD, HTML, CSS and JavaScript.",530,Yes,https://www.careerjunction.co.za/microsoft-office-365-%26amp-azure-solutions-consultant-digital-transformation-%26amp-automation-cpt-hybrid-job-2643107.aspx,Jobs in western cape; Work from home; CareerJunction - work from home,2026-08-16,"job page (summarised, URL verified)",,
CJ-0089,CareerJunction,2643115,External Sales Representative,Hire Resolve,https://www.careerjunction.co.za/companies/24781/hire-resolve,Cape Town,No,"R29,200 - R37,500 per month",Yes,Permanent,,Senior,,15 Aug 2026,2026-08-15,in 15 days,195790,"An external sales role for an equipment rental/industrial solutions company, focused on new business development and relationship management within a sales territory. Needs Matric (Sales/Marketing/Business qualification advantageous), 3–5 years' external sales experience preferably in equipment rental, construction or industrial sectors, a proven sales-target track record, and a driver's licence with own reliable vehicle.",425,Yes,https://www.careerjunction.co.za/external-sales-representative-job-2643115.aspx,Jobs in western cape,2026-08-16,"job page (summarised, URL verified)",,
CJ-0090,CareerJunction,2643121,IT Support Engineer (Level 1) (CH1262),Capital H Staffing,https://www.careerjunction.co.za/companies/30732/capital-h-staffing,Plankenbrug,Yes,R Undisclosed,No,Permanent,,Intermediate,,15 Aug 2026,2026-08-15,in 15 days,315dea8f-73fd-4,"A first/second-line remote IT support role for the same international warehouse-automation group's end users across North Europe, the US and UK — hardware/software installation and troubleshooting, Microsoft Teams/SharePoint/Exchange support, account setup, and building a knowledge base. Needs 3–5 years' IT customer support experience, strong Windows 10/11 knowledge, and Microsoft Teams/Outlook/SharePoint Online experience; a valid passport is required for training travel to Belgium.",488,Yes,https://www.careerjunction.co.za/it-support-engineer-level-1-ch1262-job-2643121.aspx,Jobs in western cape; Work from home; CareerJunction - work from home,2026-08-16,"job page (summarised, URL verified)",,
CJ-0091,CareerJunction,2643130,Production Supervisor,Vital Element (Pty) Ltd,https://www.careerjunction.co.za/companies/35770/vital-element-pty-ltd,Pinetown,No,R Undisclosed,No,Permanent,,Intermediate,,15 Aug 2026,2026-08-15,in 15 days,VE945,"A shop-floor supervisory role in a multinational manufacturing environment, overseeing production packing staff to meet schedule, productivity and quality targets, coordinating with the production planner, stores and maintenance, and reporting to the Manufacturing Manager. Needs Matric or study toward a degree, fluency in English and Zulu, 5+ years managing shop-floor staff in a unionised environment, and lean manufacturing exposure is preferred.",450,Yes,https://www.careerjunction.co.za/production-supervisor-job-2643130.aspx,Jobs in kwazulu-natal,2026-08-16,"job page (summarised, URL verified)",,
CJ-0092,CareerJunction,2643137,Technical Sales Engineer,Carlysle Human Capital,https://www.careerjunction.co.za/companies/23261/carlysle-human-capital,Centurion,No,"R41,700 - R75,000 per month",Yes,Permanent,,Senior,,15 Aug 2026,2026-08-15,in 14 days,GTG001944,"A solution-selling role for a mineral processing engineering firm, engaging clients on full-plant technical solutions (not just equipment), working with engineering teams on solution development, and travelling to sites in Namibia, the Northern Cape and Mpumalanga. Needs a Chemical or Metallurgical Engineering degree (Mechanical considered with strong mineral processing experience), 5–10 years in technical sales/business development/process engineering, and strong understanding of plant behaviour and process flow.",519,Yes,https://www.careerjunction.co.za/technical-sales-engineer-job-2643137.aspx,All Jobs in All Locations,2026-08-16,"job page (summarised, URL verified)",,
CJ-0093,CareerJunction,2643142,Warehouse Supervisor George,Stratogo,https://www.careerjunction.co.za/companies/24239/stratogo,Western Cape,No,R Undisclosed,No,Permanent,,Junior,,15 Aug 2026,2026-08-15,in 10 days,HQ001301,"Same role, company, responsibilities and requirements as job #16 above (job 2643092) — same George warehouse supervisor position, re-posted with a different reference number and an internal salary figure of R12,700 pm CTC noted in the body text.",245,Yes,https://www.careerjunction.co.za/warehouse-supervisor-george-job-2643142.aspx,Jobs in western cape,2026-08-16,"job page (summarised, URL verified)",,
CJ-0094,CareerJunction,2643145,"Regional Account Manager (Sport, Fitness & Lifestyle Accessories)",O'Brien Recruitment,https://www.careerjunction.co.za/companies/26151/o-brien-recruitment,De Waterkant,No,"R30,000 per month",Yes,Permanent,,Intermediate,,15 Aug 2026,2026-08-15,in 15 days,1758befb-0b0d-4,"A field-based account management role for a global sport/fitness/outdoor accessories brand, growing retail accounts across the Western Cape — building sales plans, pitching brand opportunities, negotiating deals/promotions, training retail staff, and managing merchandising standards in-store. Needs a Bachelor's degree (Business or related) or equivalent experience, strong relationship-building and negotiation skills, and an own vehicle with a valid driver's licence (fuel and mobile phone allowances included).",514,Yes,https://www.careerjunction.co.za/regional-account-manager-sport-fitness-%26amp-lifestyle-accessories-job-2643145.aspx,Jobs in western cape,2026-08-16,"job page (summarised, URL verified)",,
CJ-0095,CareerJunction,2643147,Investment Associate (IT & Telecoms),Fides Recruitment,https://www.careerjunction.co.za/companies/36302/fides-recruitment,Sandown,No,"R110,000 - R140,000 per month",Yes,Permanent,,Specialist,,15 Aug 2026,2026-08-15,in 15 days,Ass-TELECOMS,"A Senior Associate role in a pan-African investment bank's Telecommunications team, advising on M&A (buy- and sell-side) and equity/debt capital raises across digital infrastructure, ISPs and VAS. Covers pitch materials, financial/valuation modelling (including tower and fibre cash-flow analysis), transaction execution, and client relationship origination across telecom operators, infrastructure owners and financial sponsors. Needs 7+ years in investment banking/corporate finance with prior telecom, digital infrastructure or TMT transaction experience, and an Honours degree.",581,Yes,https://www.careerjunction.co.za/investment-associate-it-%26amp-telecoms-job-2643147.aspx,All Jobs in All Locations,2026-08-16,"job page (summarised, URL verified)",,
CJ-0096,CareerJunction,2643148,Investment Associate (Metals & Mining),Fides Recruitment,https://www.careerjunction.co.za/companies/36302/fides-recruitment,Sandown,No,"R110,000 - R140,000 per month",Yes,Permanent,,Specialist,,15 Aug 2026,2026-08-15,in 15 days,Ass-mining,,0,No,https://www.careerjunction.co.za/investment-associate-metals-%26amp-mining-job-2643148.aspx,All Jobs in All Locations,2026-08-16,,,
CJ-0097,CareerJunction,2643149,Desktop Support / Helpdesk (Level 1),Datafin,https://www.careerjunction.co.za/companies/22742/datafin,Cape Town,No,R Undisclosed,No,Permanent,,Executive,,15 Aug 2026,2026-08-15,in 9 days,2607401,,0,No,https://www.careerjunction.co.za/desktop-support-helpdesk-level-1-job-2643149.aspx,Jobs in western cape,2026-08-16,,,
CJ-0098,CareerJunction,2643150,Stores Assistant x 2,AJ Personnel,https://www.careerjunction.co.za/companies/23629/aj-personnel,Primrose,No,R Undisclosed,No,Permanent,,Intermediate,,15 Aug 2026,2026-08-15,in 9 days,JHB003973,,0,No,https://www.careerjunction.co.za/stores-assistant-x-2-job-2643150.aspx,All Jobs in All Locations,2026-08-16,,,
CJ-0099,CareerJunction,2643152,Financial Business Partner at Ntice Sourcing Solutions (Pty) Ltd.,NTICE SOURCING SOLUTIONS (PTY) LTD.,https://www.careerjunction.co.za/companies/33092/ntice-sourcing-solutions-pty-ltd,Cape Town,No,R Undisclosed,No,Permanent,,Intermediate,,15 Aug 2026,2026-08-15,in 15 days,69831,,0,No,https://www.careerjunction.co.za/financial-business-partner-at-ntice-sourcing-solutions-pty-ltd-job-2643152.aspx,Jobs in western cape,2026-08-16,,,
CJ-0100,CareerJunction,2643153,Junior Workshop Controller,Stratogo,https://www.careerjunction.co.za/companies/24239/stratogo,Durban (Durban CBD),No,R Undisclosed,No,Permanent,,Intermediate,,15 Aug 2026,2026-08-15,in 11 days,HQ001302,,0,No,https://www.careerjunction.co.za/junior-workshop-controller-job-2643153.aspx,Jobs in kwazulu-natal,2026-08-16,,,
CJ-0101,CareerJunction,2643154,Senior Workshop Controller,Stratogo,https://www.careerjunction.co.za/companies/24239/stratogo,Durban (Durban CBD),No,R Undisclosed,No,Permanent,,Intermediate,,15 Aug 2026,2026-08-15,in 10 days,HQ001303,,0,No,https://www.careerjunction.co.za/senior-workshop-controller-job-2643154.aspx,Jobs in kwazulu-natal,2026-08-16,,,
CJ-0102,CareerJunction,2643157,SAP Logistics Manager at Sabenza IT & Recruitment,DCV Sabenza IT and Recruitment,https://www.careerjunction.co.za/companies/32616/dcv-sabenza-it-and-recruitment,Gauteng,No,R Undisclosed,No,Permanent,,Management,,15 Aug 2026,2026-08-15,in 11 days,878000022391391,,0,No,https://www.careerjunction.co.za/sap-logistics-manager-at-sabenza-it-%26-recruitment-job-2643157.aspx,All Jobs in All Locations,2026-08-16,,,
CJ-0103,CareerJunction,2643158,Project Manager – Information Governance & Digital Transformation - 2-year FTC,Fempower Personnel,https://www.careerjunction.co.za/companies/23738/fempower-personnel,Randburg,No,R Undisclosed,No,Permanent,,Senior,,15 Aug 2026,2026-08-15,in 15 days,894303bb-ebde-4,,0,No,https://www.careerjunction.co.za/project-manager-information-governance-%26amp-digital-transformation-2-year-ftc-job-2643158.aspx,All Jobs in All Locations,2026-08-16,,,
CJ-0104,CareerJunction,2643159,Senior Business Analyst (HR/Payroll) at Adapt IT,Adapt IT,https://www.careerjunction.co.za/companies/30724/adapt-it,Midrand,No,R Undisclosed,No,Permanent,,Senior,EE,15 Aug 2026,2026-08-15,in 11 days,adapt_000292,,0,No,https://www.careerjunction.co.za/senior-business-analyst-hr-payroll-at-adapt-it-job-2643159.aspx,All Jobs in All Locations,2026-08-16,,,
CJ-0105,CareerJunction,2643161,Multi-Brand Digital Coordinator,Hire Resolve,https://www.careerjunction.co.za/companies/24781/hire-resolve,Cape Town,No,"R27,500 - R30,000 per month",Yes,Permanent,,Specialist,,06 Aug 2026,2026-08-06,in 16 days,195919,,0,No,https://www.careerjunction.co.za/multi-brand-digital-coordinator-job-2643161.aspx,All Jobs in All Locations; Jobs in western cape; CareerJunction - all jobs,2026-08-16,,,
CJ-0106,CareerJunction,2643162,Technology Buyer,Hire Resolve,https://www.careerjunction.co.za/companies/24781/hire-resolve,Johannesburg,No,"R29,200 - R45,800 per month",Yes,Permanent,,Senior,,06 Aug 2026,2026-08-06,in 16 days,195953,,0,No,https://www.careerjunction.co.za/technology-buyer-job-2643162.aspx,All Jobs in All Locations; CareerJunction - all jobs,2026-08-16,,,
CJ-0107,CareerJunction,2643163,Component Engineer(Automotive) contract,Rosstone Consulting,https://www.careerjunction.co.za/companies/37912/rosstone-consulting,Kariega,No,"R25,000 - R38,000 per month",Yes,Contract,,Specialist,,07 Aug 2026,2026-08-07,in 16 days,195049,"About the Opportunity: The release of vehicle body components via engineering processes and systems. The resolution of design related problems on all locally manufactured platforms. Keep accurate record of part level and software built in production (Bill of Material). Co-ordination of testing and release of components & systems. Initiate and drive cost savings on components into production. Good problem solving and communication skills and have to function well within a group environment. German or Portuguese communication skills will be an advantage. About You: Technical National Diploma or Degree. 2-5 years experience in Supplier/Quality/ Engineering of automotive components (Development /Improvements / Problem solving). Initiative, be a self-starter with the ability to work independently and as part of a team. Excellent communication skills to all levels. Willingness to travel and learn German & Portuguese language. Ability to quickly learn and understand complex components/systems/networks. Good technical problem solving ability. Computer literate (Microsoft Office tools). Mechatronics/Mechanical Engineering qualification or equivalent multi-discipline. Knowledge of automotive components assemblies i.e. front ends, etc. Problem solving experience related to production and supplier challenges. Component development experience would be advantageous. German language knowledge.",1401,Yes,https://www.careerjunction.co.za/component-engineerautomotive-contract-job-2643163.aspx,All Jobs in All Locations; Jobs in eastern cape; CareerJunction - all jobs,2026-08-16,job page (full text),,Component Engineer (Automotive) contract
CJ-0108,CareerJunction,2643164,Factory Setter/ Production Planner,Watershed Consulting,https://www.careerjunction.co.za/companies/25618/watershed-consulting,Johannesburg,No,"R18,000 - R20,000 per month",Yes,Permanent,,Intermediate,,15 Aug 2026,2026-08-15,in 16 days,,,0,No,https://www.careerjunction.co.za/factory-setter-production-planner-job-2643164.aspx,All Jobs in All Locations; CareerJunction - all jobs,2026-08-16,,,
CJ-0109,CareerJunction,2643165,Auditors / Quality Assessors,Dananda Talent,https://www.careerjunction.co.za/companies/34524/dananda-talent,South Africa,No,R Undisclosed,No,Permanent,,Intermediate,,07 Aug 2026,2026-08-07,in 11 days,JHB000873,,0,No,https://www.careerjunction.co.za/auditors-quality-assessors-job-2643165.aspx,All Jobs in All Locations; CareerJunction - all jobs,2026-08-16,,,
CJ-0110,CareerJunction,2643167,Industrial Engineer,Manpower SA (Pty) Ltd.,https://www.careerjunction.co.za/companies/23095/manpower-sa-pty-ltd,South Africa,No,"R66,700 - R75,000 per month",Yes,Permanent,,Intermediate,,07 Aug 2026,2026-08-07,in 11 days,CPT003644,,0,No,https://www.careerjunction.co.za/industrial-engineer-job-2643167.aspx,All Jobs in All Locations; CareerJunction - all jobs,2026-08-16,,,
CJ-0111,CareerJunction,2643168,C/C++ Software Engineer (Centurion),Datafin,https://www.careerjunction.co.za/companies/22742/datafin,Centurion,No,R Undisclosed,No,Permanent,,Senior,,07 Aug 2026,2026-08-07,in 10 days,2601306,,0,No,https://www.careerjunction.co.za/c-c++-software-engineer-centurion-job-2643168.aspx,All Jobs in All Locations; CareerJunction - all jobs,2026-08-16,,,
CJ-0112,CareerJunction,2643170,SAP SuccessFactors Employee Central Payroll Consultant at Sabenza IT & Recruitment,DCV Sabenza IT and Recruitment,https://www.careerjunction.co.za/companies/32616/dcv-sabenza-it-and-recruitment,Johannesburg,No,R Undisclosed,No,Contract,,Senior,,07 Aug 2026,2026-08-07,in 12 days,878000022343655,,0,No,https://www.careerjunction.co.za/sap-successfactors-employee-central-payroll-consultant-at-sabenza-it-%26-recruitment-job-2643170.aspx,All Jobs in All Locations; CareerJunction - all jobs,2026-08-16,,,
CJ-0113,CareerJunction,2643171,Junior SAP Payroll Consultant at Sabenza IT & Recruitment,DCV Sabenza IT and Recruitment,https://www.careerjunction.co.za/companies/32616/dcv-sabenza-it-and-recruitment,Johannesburg,No,R Undisclosed,No,Contract,,Senior,,06 Aug 2026,2026-08-06,in 12 days,878000022345098,,0,No,https://www.careerjunction.co.za/junior-sap-payroll-consultant-at-sabenza-it-%26-recruitment-job-2643171.aspx,All Jobs in All Locations; CareerJunction - all jobs,2026-08-16,,,
CJ-0114,CareerJunction,2643172,Project Manager (CRM),Paracon,https://www.careerjunction.co.za/companies/12652/paracon,Braamfontein (Braampark),No,R Undisclosed,No,Contract,,Specialist,,07 Aug 2026,2026-08-07,in 16 days,169370356429383,,0,No,https://www.careerjunction.co.za/project-manager-crm-job-2643172.aspx,All Jobs in All Locations; CareerJunction - all jobs,2026-08-16,,,
CJ-0115,CareerJunction,2643173,Support Technician (Field-Based) - Thabazimbi,Paracon,https://www.careerjunction.co.za/companies/12652/paracon,Thabazimbi,No,R Undisclosed,No,Permanent,,Intermediate,,15 Aug 2026,2026-08-15,in 16 days,763617997532352,,0,No,https://www.careerjunction.co.za/support-technician-field-based-thabazimbi-job-2643173.aspx,All Jobs in All Locations; CareerJunction - all jobs,2026-08-16,,,
CJ-0116,CareerJunction,2643174,Senior Software Developer (Java) | Western Cape,Datafin,https://www.careerjunction.co.za/companies/22742/datafin,Cape Town,No,R Undisclosed,No,Permanent,,Senior,,07 Aug 2026,2026-08-07,in 10 days,2607507,,0,No,https://www.careerjunction.co.za/senior-software-developer-java-western-cape-job-2643174.aspx,All Jobs in All Locations; Jobs in western cape; CareerJunction - all jobs,2026-08-16,,,
CJ-0117,CareerJunction,2643175,Technical Sales Representative - Building Products,Watershed Consulting,https://www.careerjunction.co.za/companies/25618/watershed-consulting,Meyerton,No,"R15,000 - R18,000 per month",Yes,Permanent,,Intermediate,,15 Aug 2026,2026-08-15,in 16 days,MSDS,,0,No,https://www.careerjunction.co.za/technical-sales-representative-building-products-job-2643175.aspx,All Jobs in All Locations,2026-08-16,,,
CJ-0118,CareerJunction,2643176,Senior Backend Developer,Rosstone Consulting,https://www.careerjunction.co.za/companies/37912/rosstone-consulting,Cape Town,No,"R6,200 - R7,500 per month",Yes,Contract,,Specialist,,06 Aug 2026,2026-08-06,in 16 days,195994,,0,No,https://www.careerjunction.co.za/senior-backend-developer-job-2643176.aspx,All Jobs in All Locations; Jobs in western cape; CareerJunction - all jobs,2026-08-16,,,
CJ-0119,CareerJunction,2643177,SAP Accountant,The Recruitment People,https://www.careerjunction.co.za/companies/28875/the-recruitment-people,Heidelberg,No,R Undisclosed,No,Permanent,,Intermediate,,07 Aug 2026,2026-08-07,in 11 days,Cen002886,,0,No,https://www.careerjunction.co.za/sap-accountant-job-2643177.aspx,All Jobs in All Locations; CareerJunction - all jobs,2026-08-16,,,
CJ-0120,CareerJunction,2643178,Sales Order Fulfilment Specialist - TEMP [REF 24665],Sinakho Staffshop (Pty) Ltd,https://www.careerjunction.co.za/companies/26455/sinakho-staffshop-pty-ltd,Centurion,No,Undisclosed,No,Temporary,,Intermediate,,29 Jul 2026,2026-07-29,in 16 days,24665,,0,No,https://www.careerjunction.co.za/sales-order-fulfilment-specialist-temp-ref-24665-job-2643178.aspx,All Jobs in All Locations; CareerJunction - all jobs,2026-08-16,,,
CJ-0121,CareerJunction,2643179,Tax Manager,Swift Recruitment,https://www.careerjunction.co.za/companies/36298/swift-recruitment,Sandown,No,"R50,000 per month",Yes,Permanent,,Specialist,,07 Aug 2026,2026-08-07,in 16 days,,,0,No,https://www.careerjunction.co.za/tax-manager-job-2643179.aspx,All Jobs in All Locations; CareerJunction - all jobs,2026-08-16,,,
CJ-0122,CareerJunction,2643180,Head of Solution Architecture and Professional Service,Recru-it,https://www.careerjunction.co.za/companies/25448/recru-it,South Africa,No,R Undisclosed,No,Permanent,,Senior,,07 Aug 2026,2026-08-07,in 11 days,PE011678,,0,No,https://www.careerjunction.co.za/head-of-solution-architecture-and-professional-service-job-2643180.aspx,All Jobs in All Locations; CareerJunction - all jobs,2026-08-16,,,
CJ-0123,CareerJunction,2643181,Junior SAP SuccessFactors Employee Central Consultant at Sabenza IT & Recruitment,DCV Sabenza IT and Recruitment,https://www.careerjunction.co.za/companies/32616/dcv-sabenza-it-and-recruitment,Johannesburg,No,R Undisclosed,No,Contract,,Intermediate,EE,15 Aug 2026,2026-08-15,in 12 days,878000022429020,,0,No,https://www.careerjunction.co.za/junior-sap-successfactors-employee-central-consultant-at-sabenza-it-%26-recruitment-job-2643181.aspx,All Jobs in All Locations; CareerJunction - all jobs,2026-08-16,,,
CJ-0124,CareerJunction,2643183,Leasing Manager Trainee,Sinakho Staffshop (Pty) Ltd,https://www.careerjunction.co.za/companies/26455/sinakho-staffshop-pty-ltd,Lynnwood Ridge,No,Undisclosed,No,Permanent,,Intermediate,,29 Jul 2026,2026-07-29,in 16 days,24660,,0,No,https://www.careerjunction.co.za/leasing-manager-trainee-job-2643183.aspx,All Jobs in All Locations; CareerJunction - all jobs,2026-08-16,,,
CJ-0125,CareerJunction,2643184,Accountant / Bookkeeper (Menlyn),The Recruitment Pig,https://www.careerjunction.co.za/companies/37518/the-recruitment-pig,Gauteng,Yes,"R30,000 per month",Yes,Permanent,,Intermediate,,07 Aug 2026,2026-08-07,in 8 days,JHB000180,,0,No,https://www.careerjunction.co.za/accountant-bookkeeper-menlyn-job-2643184.aspx,All Jobs in All Locations; Work from home; CareerJunction - all jobs; CareerJunction - work from home,2026-08-16,,,
CJ-0126,CareerJunction,2643185,Junior SAP Payroll Consultant,Manpower SA (Pty) Ltd.,https://www.careerjunction.co.za/companies/23095/manpower-sa-pty-ltd,South Africa,No,R Undisclosed,No,Temporary,,Junior,,07 Aug 2026,2026-08-07,in 14 days,FRG003855,,0,No,https://www.careerjunction.co.za/junior-sap-payroll-consultant-job-2643185.aspx,All Jobs in All Locations; CareerJunction - all jobs,2026-08-16,,,
CJ-0127,CareerJunction,2643186,Talent Partner,Watershed Consulting,https://www.careerjunction.co.za/companies/25618/watershed-consulting,Johannesburg,Yes,Commission Only,Yes,Permanent,,Intermediate,,07 Aug 2026,2026-08-07,in 16 days,,,0,No,https://www.careerjunction.co.za/talent-partner-job-2643186.aspx,All Jobs in All Locations; Work from home; CareerJunction - all jobs; CareerJunction - work from home,2026-08-16,,,
CJ-0128,CareerJunction,2643187,Junior SAP SuccessFactors Employee Central Consultant,Manpower SA (Pty) Ltd.,https://www.careerjunction.co.za/companies/23095/manpower-sa-pty-ltd,South Africa,No,R Undisclosed,No,Temporary,,Junior,,15 Aug 2026,2026-08-15,in 14 days,FRG003854,,0,No,https://www.careerjunction.co.za/junior-sap-successfactors-employee-central-consultant-job-2643187.aspx,All Jobs in All Locations; CareerJunction - all jobs,2026-08-16,,,
CJ-0129,CareerJunction,2643188,SAP SuccessFactors Employee Central Payroll (ECP),Manpower SA (Pty) Ltd.,https://www.careerjunction.co.za/companies/23095/manpower-sa-pty-ltd,South Africa,No,R Undisclosed,No,Temporary,,Senior,,07 Aug 2026,2026-08-07,in 14 days,FRG003853,,0,No,https://www.careerjunction.co.za/sap-successfactors-employee-central-payroll-ecp-job-2643188.aspx,All Jobs in All Locations; CareerJunction - all jobs,2026-08-16,,,
CJ-0130,CareerJunction,2643189,SAP SuccessFactors Employee Central Consultant,Manpower SA (Pty) Ltd.,https://www.careerjunction.co.za/companies/23095/manpower-sa-pty-ltd,South Africa,No,R Undisclosed,No,Temporary,,Senior,,07 Aug 2026,2026-08-07,in 14 days,FRG003852,,0,No,https://www.careerjunction.co.za/sap-successfactors-employee-central-consultant-job-2643189.aspx,All Jobs in All Locations; CareerJunction - all jobs,2026-08-16,,,
CJ-0131,CareerJunction,2643190,SAP SuccessFactors Employee Central Consultant at Sabenza IT & Recruitment,DCV Sabenza IT and Recruitment,https://www.careerjunction.co.za/companies/32616/dcv-sabenza-it-and-recruitment,Johannesburg,No,R Undisclosed,No,Contract,,Intermediate,,07 Aug 2026,2026-08-07,in 12 days,878000022427072,,0,No,https://www.careerjunction.co.za/sap-successfactors-employee-central-consultant-at-sabenza-it-%26-recruitment-job-2643190.aspx,All Jobs in All Locations; CareerJunction - all jobs,2026-08-16,,,
CJ-0132,CareerJunction,2643191,SAP SuccessFactors — Senior Manager,Manpower SA (Pty) Ltd.,https://www.careerjunction.co.za/companies/23095/manpower-sa-pty-ltd,South Africa,No,R Undisclosed,No,Temporary,,Senior,,07 Aug 2026,2026-08-07,in 14 days,FRG003851,,0,No,https://www.careerjunction.co.za/sap-successfactors-senior-manager-job-2643191.aspx,All Jobs in All Locations; CareerJunction - all jobs,2026-08-16,,,
CJ-0133,CareerJunction,2643192,"SAP SuccessFactors — Senior Manager, Programme Implementation at Sabenza IT & Recruitment",DCV Sabenza IT and Recruitment,https://www.careerjunction.co.za/companies/32616/dcv-sabenza-it-and-recruitment,Johannesburg,No,R1.00 - R2.00 per hour,Placeholder,Contract,,Senior,,07 Aug 2026,2026-08-07,in 12 days,878000022427168,,0,No,https://www.careerjunction.co.za/sap-successfactors-senior-manager-programme-implementation-at-sabenza-it-%26-recruitment-job-2643192.aspx,All Jobs in All Locations; CareerJunction - all jobs,2026-08-16,,,
CJ-0134,CareerJunction,2643193,Resident Engineer (LDC) – Johannesburg,Hire Resolve,https://www.careerjunction.co.za/companies/24781/hire-resolve,Johannesburg,No,"R58,300 - R62,500 per month",Yes,Contract,,Senior,,07 Aug 2026,2026-08-07,in 15 days,196030,,0,No,https://www.careerjunction.co.za/resident-engineer-ldc-johannesburg-job-2643193.aspx,All Jobs in All Locations; CareerJunction - all jobs,2026-08-16,,,
CJ-0135,CareerJunction,2643195,Administrator,Fusion Personnel,https://www.careerjunction.co.za/companies/37564/fusion-personnel,Primrose,No,"R18,000 - R20,000 per month",Yes,Permanent,,Intermediate,,07 Aug 2026,2026-08-07,in 11 days,JHB006238,,0,No,https://www.careerjunction.co.za/administrator-job-2643195.aspx,All Jobs in All Locations; CareerJunction - all jobs,2026-08-16,,,
CJ-0136,CareerJunction,2643197,Ocean Freight Import Controller at Ntice Sourcing Solutions (Pty) Ltd.,NTICE SOURCING SOLUTIONS (PTY) LTD.,https://www.careerjunction.co.za/companies/33092/ntice-sourcing-solutions-pty-ltd,Walmer,No,R Undisclosed,No,Internship,,,,07 Aug 2026,2026-08-07,in 16 days,69864,"An international leader in the Clearing & Forwarding industry is seeking an experienced Ocean Freight Import Controller to join their team in Walmer, Gqeberha (Port Elizabeth). This is an excellent opportunity for a customer-focused Ocean Imports professional who thrives in a fast-paced freight forwarding environment. The successful candidate will take full responsibility for planning, coordinating and managing Ocean Import shipments from initial booking through to final delivery, while delivering exceptional client service and ensuring profitable, compliant operations. Minimum Requirements: Grade 12 (Freight Forwarding qualification, SDS or similar advantageous), CargoWise experience, Minimum 3 years' experience in an Ocean Imports Controller/Client Service Controller role within Clearing & Forwarding, Sound understanding of Incoterms, Ocean Import tariffs, practices and processes, Customs legislation and clearance procedures, Third-party governing body requirements, Strong Microsoft Office and Excel skills, Excellent communication and customer service skills, Highly organised with strong time management abilities, Able to work under pressure and manage multiple shipments simultaneously, High attention to detail and accuracy, Understanding of accounting principles (debits/credits), international currencies and currency codes, Must be based in Durban or surrounding areas. Key Responsibilities: Manage Ocean Import shipments from booking through to final delivery, Plan and coordinate imports to meet client requirements and delivery deadlines, Provide proactive, professional communication to clients throughout the shipment lifecycle, Track and trace shipments while ensuring milestones are achieved, Ensure complete and accurate CargoWise data capture and documentation, Liaise with origin offices, customs, transporters, warehouses, shipping lines and internal departments, Coordinate customs examinations, inspections and cargo releases where required, Process cargo dues, creditor invoices and payments, Negotiate freight rates where required, Ensure timely customs clearance by obtaining all required documentation, Manage job costing, profitability and accurate billing within KPI deadlines, Resolve client and operational queries efficiently, Maintain compliance with company SOPs and regulatory requirements, Participate in continuous improvement initiatives and team meetings, Ensure comprehensive handovers prior to leave and maintain accurate client records.",2493,Yes,https://www.careerjunction.co.za/ocean-freight-import-controller-at-ntice-sourcing-solutions-pty-ltd-job-2643197.aspx,All Jobs in All Locations; Jobs in eastern cape; CareerJunction - all jobs,2026-08-16,job page (full text),"R30,000 - R35,000 CTC per month, depending on experience (negotiable).",Ocean; Import; Freight
CJ-0137,CareerJunction,2643199,Outbound Warehouse and Logistics Manager at Sabenza IT & Recruitment,DCV Sabenza IT and Recruitment,https://www.careerjunction.co.za/companies/32616/dcv-sabenza-it-and-recruitment,Pietermaritzburg,No,R01 - R02 per month,Placeholder,Permanent,,Management,,07 Aug 2026,2026-08-07,in 12 days,878000022447045,,0,No,https://www.careerjunction.co.za/outbound-warehouse-and-logistics-manager-at-sabenza-it-%26-recruitment-job-2643199.aspx,All Jobs in All Locations; Jobs in kwazulu-natal; CareerJunction - all jobs,2026-08-16,,,
CJ-0138,CareerJunction,2643200,Senior Backend (Full Stack) Software Engineer,Rosstone Consulting,https://www.careerjunction.co.za/companies/37912/rosstone-consulting,Cape Town CBD,No,"R70,000 - R90,000 per month",Yes,Contract,,Specialist,,07 Aug 2026,2026-08-07,in 16 days,SFTIC29726,,0,No,https://www.careerjunction.co.za/senior-backend-full-stack-software-engineer-job-2643200.aspx,All Jobs in All Locations; Jobs in western cape; CareerJunction - all jobs,2026-08-16,,,
CJ-0139,CareerJunction,2643201,"Senior Software Engineer/Mobile Developer (Flutter, Dart, Bloc/Cubit, iOS & Android) (Cape Town",Datafin,https://www.careerjunction.co.za/companies/22742/datafin,Cape Town,No,R Undisclosed,No,Permanent,,Senior,,07 Aug 2026,2026-08-07,in 10 days,2607508,,0,No,https://www.careerjunction.co.za/senior-software-engineer-mobile-developer-flutter-dart-bloc-cubit-ios-%26amp-android-cape-town-job-2643201.aspx,All Jobs in All Locations; Jobs in western cape; CareerJunction - all jobs,2026-08-16,,,
CJ-0140,CareerJunction,2643202,"Senior Backend Software Engineer (Java, Spring Boot, RESTful APIs, Fintech) (Cape Town - Hybrid",Datafin,https://www.careerjunction.co.za/companies/22742/datafin,Cape Town,No,R Undisclosed,No,Permanent,,Senior,,07 Aug 2026,2026-08-07,in 10 days,2607509,,0,No,https://www.careerjunction.co.za/senior-backend-software-engineer-java-spring-boot-restful-apis-fintech-cape-town-hybrid-job-2643202.aspx,All Jobs in All Locations; Jobs in western cape; CareerJunction - all jobs,2026-08-16,,,
CJ-0141,CareerJunction,2643203,"Senior Fullstack Software Engineer (.NET, C\#, React, TypeScript, MS SQL) (Cape Town Hybrid)",Datafin,https://www.careerjunction.co.za/companies/22742/datafin,Cape Town,No,R Undisclosed,No,Permanent,,Senior,,07 Aug 2026,2026-08-07,in 10 days,2607511,,0,No,https://www.careerjunction.co.za/senior-fullstack-software-engineer-net-c%23-react-typescript-ms-sql-cape-town-hybrid-job-2643203.aspx,All Jobs in All Locations; Jobs in western cape; CareerJunction - all jobs,2026-08-16,,,
CJ-0142,CareerJunction,2643205,Bookkeeper,Fusion Personnel,https://www.careerjunction.co.za/companies/37564/fusion-personnel,South Africa,No,"R30,000 - R35,000 per month",Yes,Permanent,,Intermediate,,07 Aug 2026,2026-08-07,in 11 days,JHB006237,,0,No,https://www.careerjunction.co.za/bookkeeper-job-2643205.aspx,All Jobs in All Locations; CareerJunction - all jobs,2026-08-16,,,
CJ-0143,CareerJunction,2643207,Strategic Account Manager (CPT),Datafin,https://www.careerjunction.co.za/companies/22742/datafin,Cape Town,No,R Undisclosed,No,Permanent,,Management,,07 Aug 2026,2026-08-07,in 10 days,2607503,,0,No,https://www.careerjunction.co.za/strategic-account-manager-cpt-job-2643207.aspx,All Jobs in All Locations; Jobs in western cape; CareerJunction - all jobs,2026-08-16,,,
CJ-0144,CareerJunction,2643209,Senior Business Analyst - Home Loans (CPT Hybrid),Datafin,https://www.careerjunction.co.za/companies/22742/datafin,Cape Town,No,R Undisclosed,No,Permanent,,Senior,,07 Aug 2026,2026-08-07,in 10 days,2607505,,0,No,https://www.careerjunction.co.za/senior-business-analyst-home-loans-cpt-hybrid-job-2643209.aspx,All Jobs in All Locations; Jobs in western cape; CareerJunction - all jobs,2026-08-16,,,
CJ-0145,CareerJunction,2643210,CRM Platform Lead (CPT Hybrid),Datafin,https://www.careerjunction.co.za/companies/22742/datafin,Cape Town,No,R Undisclosed,No,Permanent,,Senior,,07 Aug 2026,2026-08-07,in 10 days,2607506,,0,No,https://www.careerjunction.co.za/crm-platform-lead-cpt-hybrid-job-2643210.aspx,All Jobs in All Locations; Jobs in western cape; CareerJunction - all jobs,2026-08-16,,,
CJ-0146,CareerJunction,2643211,Infrastructure Manager (JHB),Datafin,https://www.careerjunction.co.za/companies/22742/datafin,Germiston,No,R Undisclosed,No,Permanent,,Senior,,07 Aug 2026,2026-08-07,in 10 days,2607510,Managing IT infrastructure operations and maintenance for the region. Permanent Senior position.,96,Yes,https://www.careerjunction.co.za/infrastructure-manager-jhb-job-2643211.aspx,All Jobs in All Locations; CareerJunction - all jobs,2026-08-16,job page (summarised),,
CJ-0147,CareerJunction,2643280,Automation Engineer at Rosstone,Rosstone Consulting,https://www.careerjunction.co.za/companies/37912/rosstone-consulting,Kariega,No,"R30,000 - R50,000 per month",Yes,Permanent,,Specialist,,08 Aug 2026,2026-08-08,in 18 days,AEPE31726,"iOCO OKS is preparing for an exciting new product development initiative and is expanding its team with exceptional engineering talent. We are seeking passionate professionals who thrive in high-performance automotive environments and enjoy contributing to full end-to-end development. Opportunities are available for Component Engineers, Endurance Engineer and Mechanical Engineers to help shape next-generation vehicle solutions. If innovation, precision, and technical excellence drive your ambition, this is an environment where your expertise will make a meaningful impact. We are looking for individuals with strong problem-solving capabilities, a passion for engineering excellence, and the ability to influence products from concept through validation and launch. About The Employer: Automotive Sector Plant. Employer & Job Benefits: Medical aid, provident fund, Bonus, company vehicle.",894,Yes,https://www.careerjunction.co.za/automation-engineer-at-rosstone-job-2643280.aspx,Jobs in eastern cape,2026-08-16,job page (full text),,
CJ-0148,CareerJunction,2643315,Sales Agent at Sabenza IT & Recruitment,DCV Sabenza IT and Recruitment,https://www.careerjunction.co.za/companies/32616/dcv-sabenza-it-and-recruitment,KwaZulu-Natal,No,R Undisclosed,No,Permanent,,Intermediate,,10 Aug 2026,2026-08-10,in 15 days,878000022554150,,0,No,https://www.careerjunction.co.za/sales-agent-at-sabenza-it-%26-recruitment-job-2643315.aspx,Jobs in kwazulu-natal,2026-08-16,,,
CJ-0149,CareerJunction,2643320,Civil Draughtsman – Richards Bay,Hire Resolve,https://www.careerjunction.co.za/companies/24781/hire-resolve,Richards Bay,No,"R33,300 - R50,000 per month",Yes,Permanent,,Senior,,12 Aug 2026,2026-08-12,in 21 days,196531,,0,No,https://www.careerjunction.co.za/civil-draughtsman-richards-bay-job-2643320.aspx,Jobs in kwazulu-natal,2026-08-16,,,
CJ-0150,CareerJunction,2643334,Accountant (AGA – Associate General Accountant),Recru-it,https://www.careerjunction.co.za/companies/25448/recru-it,Gqeberha,No,R Undisclosed,No,Permanent,,Intermediate,,12 Aug 2026,2026-08-12,in 16 days,PE011681,"Job Description: Manages core financial operations. Compile financial statements (non-negotiable). Bridge operational and tactical business strategies. Requirements: Must be able to compile financial statements. 5 Years working experience, this can include training. AGA – The AGA’s designation is SAICA's mid-tier designation that is acquired and awarded to those professionals who have cultivated and embraced a drive for high performance and strong personal, business and professional ethics, or can have SAIPA training. Technical advice on tax, accounting, auditing, financial services and legal advisory services and facilitation.",635,Yes,https://www.careerjunction.co.za/accountant-aga-associate-general-accountant-job-2643334.aspx,Jobs in eastern cape,2026-08-16,job page (full text),,AGA; SAICA's mid-tier designation; Tax; Accounting; Auditing
CJ-0151,CareerJunction,2643335,Accountant,Recru-it,https://www.careerjunction.co.za/companies/25448/recru-it,Gqeberha,No,R Undisclosed,No,Permanent,,Intermediate,,12 Aug 2026,2026-08-12,in 16 days,PE011682,"Requirements: E-Filing, Tax, Auditing, Accounting. Qualifications: RA qualification. Don’t have to have honours. Matric with Maths, Accounting, Computer writing with above 70% will also be considered. Must come with a good attitude – this is key for the client.",261,Yes,https://www.careerjunction.co.za/accountant-job-2643335.aspx,Jobs in eastern cape,2026-08-16,job page (full text),,RA qualification; E-Filing; Tax; Auditing; Accounting
CJ-0152,CareerJunction,2643339,Assortment Planner,Vital Element (Pty) Ltd,https://www.careerjunction.co.za/companies/35770/vital-element-pty-ltd,Pinetown,No,R Undisclosed,No,Permanent,,Management,,12 Aug 2026,2026-08-12,in 21 days,,,0,No,https://www.careerjunction.co.za/assortment-planner-job-2643339.aspx,Jobs in kwazulu-natal,2026-08-16,,,
CJ-0153,CareerJunction,2643343,Specialist Legal,Jordan HR,https://www.careerjunction.co.za/companies/27734/jordan-hr,Midrand,Yes,R Undisclosed,No,Temporary,,Intermediate,,12 Aug 2026,2026-08-12,in 14 days,JHB012682,,0,No,https://www.careerjunction.co.za/specialist-legal-job-2643343.aspx,Work from home; CareerJunction - work from home,2026-08-16,,,
CJ-0154,CareerJunction,2643357,React/Angular Front-End Developer (Expert) at Sabenza IT & Recruitment,DCV Sabenza IT and Recruitment,https://www.careerjunction.co.za/companies/32616/dcv-sabenza-it-and-recruitment,Pretoria,Yes,R Undisclosed,No,Contract,,Specialist,,12 Aug 2026,2026-08-12,in 17 days,878000022629970,,0,No,https://www.careerjunction.co.za/react-angular-front-end-developer-expert-at-sabenza-it-%26-recruitment-job-2643357.aspx,Work from home; CareerJunction - work from home,2026-08-16,,,
CJ-0155,CareerJunction,2643360,Health Safety and Risk Officer at Ntice Sourcing Solutions (Pty) Ltd.,NTICE SOURCING SOLUTIONS (PTY) LTD.,https://www.careerjunction.co.za/companies/33092/ntice-sourcing-solutions-pty-ltd,Middelburg,No,R Undisclosed,No,Permanent,,Intermediate,,12 Aug 2026,2026-08-12,in 21 days,69897,"Our client, a leading international animal nutrition and feed manufacturing company, is looking for a Health, Safety & Risk Officer to join their team based in Middelburg, Eastern Cape. This is an excellent opportunity for a proactive Health & Safety professional with experience in a manufacturing or FMCG environment who is passionate about creating a safe workplace, ensuring legal compliance, and driving a strong safety culture. Minimum Requirements: Matric (Grade 12), Relevant Health & Safety qualification, Minimum 3 years' experience in a Health & Safety, SHE, SHEQ or HSE role, Manufacturing or FMCG experience is essential (feed milling experience advantageous), Sound knowledge of the Occupational Health and Safety Act, Valid driver's licence, Proficient in Microsoft Office (Word, Excel and Outlook). Key Responsibilities: Ensure compliance with all Health, Safety and Risk legislation, company policies and procedures. Promote and maintain a strong safety culture throughout the site. Conduct Health & Safety inductions for new employees and contractors. Coordinate Health & Safety training and awareness initiatives. Investigate incidents and ensure appropriate corrective and preventative actions are implemented. Conduct risk assessments, workplace inspections and safety audits. Facilitate monthly Health & Safety meetings and maintain accurate records. Ensure compliance with PPE requirements across the site. Monitor housekeeping standards and drive continuous improvement initiatives. Maintain quality, safety and risk management systems. Prepare and maintain Health & Safety reports and documentation. Work closely with production and maintenance teams to improve plant safety and operational compliance. Key Competencies: Is highly organised and detail orientated. Has excellent communication and interpersonal skills. Is proactive and able to work independently. Is confident influencing others and promoting safe working practices. Has strong problem-solving and decision-making skills. Is committed to maintaining high standards of compliance and continuous improvement.",2097,Yes,https://www.careerjunction.co.za/health-safety-and-risk-officer-at-ntice-sourcing-solutions-pty-ltd-job-2643360.aspx,Jobs in eastern cape,2026-08-16,job page (full text),,Health; Safety; Agri
CJ-0156,CareerJunction,2643382,Project Specialist (Retail),Vital Element (Pty) Ltd,https://www.careerjunction.co.za/companies/35770/vital-element-pty-ltd,Durban Region,No,R Undisclosed,No,Permanent,,Senior,,12 Aug 2026,2026-08-12,in 21 days,VE950,,0,No,https://www.careerjunction.co.za/project-specialist-retail-job-2643382.aspx,Jobs in kwazulu-natal,2026-08-16,,,
CJ-0157,CareerJunction,2643386,Internal Auditor at Mancosa,MANCOSA,https://www.careerjunction.co.za/companies/35317/mancosa,Durban (Durban CBD),No,R Undisclosed,No,Permanent,,Intermediate,,12 Aug 2026,2026-08-12,in 18 days,MA_4219517,,0,No,https://www.careerjunction.co.za/internal-auditor-at-mancosa-job-2643386.aspx,Jobs in kwazulu-natal,2026-08-16,,,
CJ-0158,CareerJunction,2643387,Recruitment Consultant at Mancosa,MANCOSA,https://www.careerjunction.co.za/companies/35317/mancosa,Durban (Durban CBD),No,R Undisclosed,No,Permanent,,Intermediate,,13 Aug 2026,2026-08-13,in 18 days,MA_4181459,,0,No,https://www.careerjunction.co.za/recruitment-consultant-at-mancosa-job-2643387.aspx,Jobs in kwazulu-natal,2026-08-16,,,
CJ-0159,CareerJunction,2643391,Registered Nurse – Home Care (UAE) X40,Fempower Personnel,https://www.careerjunction.co.za/companies/23738/fempower-personnel,Kensington,Yes,"R30,000 - R35,000 per month",Yes,Contract,,Junior,,13 Aug 2026,2026-08-13,in 22 days,5b1d71c1-1935-4,,0,No,https://www.careerjunction.co.za/registered-nurse-home-care-uae-x40-job-2643391.aspx,Work from home; CareerJunction - work from home,2026-08-16,,,
CJ-0160,CareerJunction,2643393,Technical Customer Support Representative,Manpower SA (Pty) Ltd.,https://www.careerjunction.co.za/companies/23095/manpower-sa-pty-ltd,Durban (Durban CBD),No,R Undisclosed,No,Permanent,,Intermediate,,12 Aug 2026,2026-08-12,in 18 days,CPT003650,,0,No,https://www.careerjunction.co.za/technical-customer-support-representative-job-2643393.aspx,Jobs in kwazulu-natal,2026-08-16,,,
CJ-0161,CareerJunction,2643394,Senior ServiceNow Developer (TTD) at Sabenza IT & Recruitment,DCV Sabenza IT and Recruitment,https://www.careerjunction.co.za/companies/32616/dcv-sabenza-it-and-recruitment,Pretoria,Yes,R Undisclosed,No,Contract,,Senior,,12 Aug 2026,2026-08-12,in 18 days,878000022660214,,0,No,https://www.careerjunction.co.za/senior-servicenow-developer-ttd-at-sabenza-it-%26-recruitment-job-2643394.aspx,Work from home; CareerJunction - work from home,2026-08-16,,,
CJ-0162,CareerJunction,2643408,Loan Set Clerk - KZN,Ultra Personnel cc,https://www.careerjunction.co.za/companies/28524/ultra-personnel-cc,Durban (Durban CBD),No,R Undisclosed,No,Permanent,,Intermediate,,12 Aug 2026,2026-08-12,in 16 days,JHB001776,,0,No,https://www.careerjunction.co.za/loan-set-clerk-kzn-job-2643408.aspx,Jobs in kwazulu-natal,2026-08-16,,,
CJ-0163,CareerJunction,2643410,OTC Sales Rep - KZN,Ultra Personnel cc,https://www.careerjunction.co.za/companies/28524/ultra-personnel-cc,Durban (Durban CBD),No,R Undisclosed,No,Permanent,,Intermediate,,12 Aug 2026,2026-08-12,in 16 days,JHB001772,,0,No,https://www.careerjunction.co.za/otc-sales-rep-kzn-job-2643410.aspx,Jobs in kwazulu-natal,2026-08-16,,,
CJ-0164,CareerJunction,2643412,360 Recruitment Consultant - Hybrid role,Manpower SA (Pty) Ltd.,https://www.careerjunction.co.za/companies/23095/manpower-sa-pty-ltd,South Africa,Yes,R Undisclosed,No,Permanent,,Intermediate,,12 Aug 2026,2026-08-12,in 17 days,CPT003609,,0,No,https://www.careerjunction.co.za/360-recruitment-consultant-hybrid-role-job-2643412.aspx,Work from home; CareerJunction - work from home,2026-08-16,,,
CJ-0165,CareerJunction,2643438,Financial Manager at Ntice Sourcing Solutions (Pty) Ltd.,NTICE SOURCING SOLUTIONS (PTY) LTD.,https://www.careerjunction.co.za/companies/33092/ntice-sourcing-solutions-pty-ltd,Umhlanga Ridge,No,R Undisclosed,No,Permanent,,Management,,13 Aug 2026,2026-08-13,in 22 days,70095,,0,No,https://www.careerjunction.co.za/financial-manager-at-ntice-sourcing-solutions-pty-ltd-job-2643438.aspx,Jobs in kwazulu-natal,2026-08-16,,,
CJ-0166,CareerJunction,2643444,Sales Engineer (Representative),AJ Personnel,https://www.careerjunction.co.za/companies/23629/aj-personnel,Cape Town,No,R Undisclosed,No,Permanent,,Intermediate,,13 Aug 2026,2026-08-13,in 15 days,JHB003983,,0,No,https://www.careerjunction.co.za/sales-engineer-representative-job-2643444.aspx,Jobs in western cape,2026-08-16,,,
CJ-0167,CareerJunction,2643446,Commercial Vehicle Sales Executive,Watershed Consulting,https://www.careerjunction.co.za/companies/25618/watershed-consulting,Pinetown,No,"R14,000 - R20,000 per month",Yes,Permanent,,Intermediate,,13 Aug 2026,2026-08-13,in 22 days,,,0,No,https://www.careerjunction.co.za/commercial-vehicle-sales-executive-job-2643446.aspx,Jobs in kwazulu-natal,2026-08-16,,,
CJ-0168,CareerJunction,2643447,Parts Sales Executive (One Year Fixed Term),Watershed Consulting,https://www.careerjunction.co.za/companies/25618/watershed-consulting,Pinetown,No,"R14,000 - R15,000 per month",Yes,Contract,,Intermediate,,13 Aug 2026,2026-08-13,in 22 days,,,0,No,https://www.careerjunction.co.za/parts-sales-executive-one-year-fixed-term-job-2643447.aspx,Jobs in kwazulu-natal,2026-08-16,,,
CJ-0169,CareerJunction,2643449,Credit Officer – Asset Financing,Watershed Consulting,https://www.careerjunction.co.za/companies/25618/watershed-consulting,Pinetown,No,"R14,000 - R15,000 per month",Yes,Permanent,,Junior,,13 Aug 2026,2026-08-13,in 22 days,,,0,No,https://www.careerjunction.co.za/credit-officer-asset-financing-job-2643449.aspx,Jobs in kwazulu-natal,2026-08-16,,,
CJ-0170,CareerJunction,2643450,HR Manager,The Talent Experts,https://www.careerjunction.co.za/companies/32956/the-talent-experts,Observatory,Yes,Undisclosed,No,Permanent,,Intermediate,,13 Aug 2026,2026-08-13,in 22 days,SB,,0,No,https://www.careerjunction.co.za/hr-manager-job-2643450.aspx,Jobs in western cape; Work from home; CareerJunction - work from home,2026-08-16,,,
CJ-0171,CareerJunction,2643455,Toolroom Supervisor,Hire Resolve,https://www.careerjunction.co.za/companies/24781/hire-resolve,Cape Town,No,"R43,300 - R48,800 per month",Yes,Permanent,,Senior,,13 Aug 2026,2026-08-13,in 23 days,196986,,0,No,https://www.careerjunction.co.za/toolroom-supervisor-job-2643455.aspx,Jobs in western cape,2026-08-16,,,
CJ-0172,CareerJunction,2643456,Technical Buyer,Stratogo,https://www.careerjunction.co.za/companies/24239/stratogo,Durban (Durban CBD),No,R Undisclosed,No,Permanent,,Intermediate,,14 Aug 2026,2026-08-14,in 19 days,HQ001305,,0,No,https://www.careerjunction.co.za/technical-buyer-job-2643456.aspx,Jobs in kwazulu-natal,2026-08-16,,,
CJ-0173,CareerJunction,2643470,Demand Planner at Ntice Sourcing Solutions (Pty) Ltd.,NTICE SOURCING SOLUTIONS (PTY) LTD.,https://www.careerjunction.co.za/companies/33092/ntice-sourcing-solutions-pty-ltd,Durban (Durban CBD),No,R Undisclosed,No,Permanent,,Intermediate,,14 Aug 2026,2026-08-14,in 23 days,67880,,0,No,https://www.careerjunction.co.za/demand-planner-at-ntice-sourcing-solutions-pty-ltd-job-2643470.aspx,Jobs in kwazulu-natal,2026-08-16,,,
CJ-0174,CareerJunction,2643471,Senior Linux & Cloud Infrastructure Engineer (TTD) at Sabenza IT & Recruitment,DCV Sabenza IT and Recruitment,https://www.careerjunction.co.za/companies/32616/dcv-sabenza-it-and-recruitment,Pretoria,Yes,R Undisclosed,No,Contract,,Senior,,14 Aug 2026,2026-08-14,in 19 days,878000022744047,,0,No,https://www.careerjunction.co.za/senior-linux-%26amp-cloud-infrastructure-engineer-ttd-at-sabenza-it-%26-recruitment-job-2643471.aspx,Work from home; CareerJunction - work from home,2026-08-16,,,
CJ-0175,CareerJunction,2643481,Field Services Technician - Cape Town,Dynexity,https://www.careerjunction.co.za/companies/35455/dynexity,Cape Town,No,"R28,000 per month",Yes,Permanent,,Intermediate,,14 Aug 2026,2026-08-14,in 18 days,JHB003895,,0,No,https://www.careerjunction.co.za/field-services-technician-cape-town-job-2643481.aspx,Jobs in western cape,2026-08-16,,,
CJ-0176,CareerJunction,2643496,IT Support Technician,Zeal HR,https://www.careerjunction.co.za/companies/37578/zeal-hr,Stellenbosch,No,Undisclosed,No,Permanent,,Junior,,14 Aug 2026,2026-08-14,in 23 days,62014,,0,No,https://www.careerjunction.co.za/it-support-technician-job-2643496.aspx,Jobs in western cape,2026-08-16,,,
CJ-0177,CareerJunction,2643498,Senior Product Owner (Retail / Logistics) at Sabenza IT & Recruitment,DCV Sabenza IT and Recruitment,https://www.careerjunction.co.za/companies/32616/dcv-sabenza-it-and-recruitment,Cape Town,No,R01 - R02 per month,Placeholder,Permanent,,Senior,,14 Aug 2026,2026-08-14,in 19 days,878000022752202,,0,No,https://www.careerjunction.co.za/senior-product-owner-retail-logistics-at-sabenza-it-%26-recruitment-job-2643498.aspx,Jobs in western cape,2026-08-16,,,
CJ-0178,CareerJunction,2643501,Financial Accountant,GAP Recruitment Agency,https://www.careerjunction.co.za/companies/37771/gap-recruitment-agency,Durban (Durban CBD),No,R Undisclosed,No,Permanent,,Intermediate,,14 Aug 2026,2026-08-14,in 23 days,FA01,,0,No,https://www.careerjunction.co.za/financial-accountant-job-2643501.aspx,Jobs in kwazulu-natal,2026-08-16,,,
CJ-0179,CareerJunction,2643503,Creditors Administrator,GAP Recruitment Agency,https://www.careerjunction.co.za/companies/37771/gap-recruitment-agency,Durban (Durban CBD),No,R Undisclosed,No,Permanent,,Intermediate,,14 Aug 2026,2026-08-14,in 23 days,CA01,,0,No,https://www.careerjunction.co.za/creditors-administrator-job-2643503.aspx,Jobs in kwazulu-natal,2026-08-16,,,
CJ-0180,CareerJunction,2643504,Senior Procurement Representative,Hire Resolve,https://www.careerjunction.co.za/companies/24781/hire-resolve,Johannesburg,No,"R50,000 - R70,000 per month",Yes,Permanent,,Senior,,15 Aug 2026,2026-08-15,in 24 days,197153,,0,No,https://www.careerjunction.co.za/senior-procurement-representative-job-2643504.aspx,All Jobs in All Locations,2026-08-16,,,
CJ-0181,CareerJunction,2643506,Multi-Brand Digital Coordinator,Hire Resolve,https://www.careerjunction.co.za/companies/24781/hire-resolve,Cape Town,No,"R25,000 - R30,000 per month",Yes,Permanent,,Senior,,15 Aug 2026,2026-08-15,in 24 days,197156,,0,No,https://www.careerjunction.co.za/multi-brand-digital-coordinator-job-2643506.aspx,Jobs in western cape,2026-08-16,,,
CJ-0182,CareerJunction,2643508,Bookkeeper,Hire Resolve,https://www.careerjunction.co.za/companies/24781/hire-resolve,Pinetown,No,"R20,800 - R29,200 per month",Yes,Permanent,,Senior,,14 Aug 2026,2026-08-14,in 24 days,197159,,0,No,https://www.careerjunction.co.za/bookkeeper-job-2643508.aspx,Jobs in kwazulu-natal,2026-08-16,,,
CJ-0183,CareerJunction,2643510,Azure Cloud Engineer,Network Contracting Solutions,https://www.careerjunction.co.za/companies/31530/network-contracting-solutions,Centurion,No,R60 - R90 per month,Yes,Contract,,Senior,,15 Aug 2026,2026-08-15,in 19 days,NCM003306,,0,No,https://www.careerjunction.co.za/azure-cloud-engineer-job-2643510.aspx,All Jobs in All Locations,2026-08-16,,,
CJ-0184,CareerJunction,2643511,FMCG Millwright at 492 - Impact Human Resources,Rosstone Consulting,https://www.careerjunction.co.za/companies/37912/rosstone-consulting,Pretoria CBD,No,"R50,000 - R60,000 per month",Yes,Contract,,Intermediate,,15 Aug 2026,2026-08-15,in 24 days,,,0,No,https://www.careerjunction.co.za/fmcg-millwright-at-492-impact-human-resources-job-2643511.aspx,All Jobs in All Locations,2026-08-16,,,
CJ-0185,CareerJunction,2643514,Learning & Development Officer (LMS | Training | Talent Development) at Mancosa,MANCOSA,https://www.careerjunction.co.za/companies/35317/mancosa,Durban (Durban CBD),No,R Undisclosed,No,Permanent,,Intermediate,,14 Aug 2026,2026-08-14,in 20 days,MA_4246722,,0,No,https://www.careerjunction.co.za/learning-%26amp-development-officer-lms-training-talent-development-at-mancosa-job-2643514.aspx,Jobs in kwazulu-natal,2026-08-16,,,
CJ-0186,CareerJunction,2643517,Security Sales Representative (Edenvale),Sales Fraternity,https://www.careerjunction.co.za/companies/37163/sales-fraternity,Edenvale,No,"R15,000 per month",Yes,Permanent,,Intermediate,,15 Aug 2026,2026-08-15,in 24 days,,,0,No,https://www.careerjunction.co.za/security-sales-representative-edenvale-job-2643517.aspx,All Jobs in All Locations,2026-08-16,,,
CJ-0187,CareerJunction,2643518,Power BI Developer,Network Contracting Solutions,https://www.careerjunction.co.za/companies/31530/network-contracting-solutions,Johannesburg,No,R45 - R70 per month,Yes,Contract,,Senior,,15 Aug 2026,2026-08-15,in 19 days,NCM003310,,0,No,https://www.careerjunction.co.za/power-bi-developer-job-2643518.aspx,All Jobs in All Locations,2026-08-16,,,
CJ-0188,CareerJunction,2643519,Receiving Manager,Zeal HR,https://www.careerjunction.co.za/companies/37578/zeal-hr,Cape Town CBD,No,Undisclosed,No,Permanent,,Intermediate,,14 Aug 2026,2026-08-14,in 24 days,62047,,0,No,https://www.careerjunction.co.za/receiving-manager-job-2643519.aspx,Jobs in western cape,2026-08-16,,,
CJ-0189,CareerJunction,2643524,Sales & Administration Associate (Optical Store) (Alexandra),Sales Fraternity,https://www.careerjunction.co.za/companies/37163/sales-fraternity,Alexandra,No,"R10,000 - R18,000 per month",Yes,Permanent,,Intermediate,,15 Aug 2026,2026-08-15,in 24 days,,,0,No,https://www.careerjunction.co.za/sales-%26amp-administration-associate-optical-store-alexandra-job-2643524.aspx,All Jobs in All Locations,2026-08-16,,,
CJ-0190,CareerJunction,2643525,Loan Set Clerk - Western Cape,Ultra Personnel cc,https://www.careerjunction.co.za/companies/28524/ultra-personnel-cc,Cape Town,No,R Undisclosed,No,Permanent,,Intermediate,,14 Aug 2026,2026-08-14,in 19 days,JHB001777,,0,No,https://www.careerjunction.co.za/loan-set-clerk-western-cape-job-2643525.aspx,Jobs in western cape,2026-08-16,,,
CJ-0191,CareerJunction,2643526,Sales Representative (Modderfontein),Sales Fraternity,https://www.careerjunction.co.za/companies/37163/sales-fraternity,East Rand,No,"R14,000 per month",Yes,Permanent,,Intermediate,,15 Aug 2026,2026-08-15,in 24 days,,,0,No,https://www.careerjunction.co.za/sales-representative-modderfontein-job-2643526.aspx,All Jobs in All Locations,2026-08-16,,,
CJ-0192,CareerJunction,2643527,Medical Device / Theatre Sales Representative - JHB,Ultra Personnel cc,https://www.careerjunction.co.za/companies/28524/ultra-personnel-cc,Sandton,No,R Undisclosed,No,Permanent,,Intermediate,,15 Aug 2026,2026-08-15,in 19 days,JHB001780,,0,No,https://www.careerjunction.co.za/medical-device-theatre-sales-representative-jhb-job-2643527.aspx,All Jobs in All Locations,2026-08-16,,,
CJ-0193,CareerJunction,2643528,Medical Device / Theatre Sales Representative - KZN,Ultra Personnel cc,https://www.careerjunction.co.za/companies/28524/ultra-personnel-cc,Durban (Durban CBD),No,R Undisclosed,No,Permanent,,Intermediate,,14 Aug 2026,2026-08-14,in 19 days,JHB001781,,0,No,https://www.careerjunction.co.za/medical-device-theatre-sales-representative-kzn-job-2643528.aspx,Jobs in kwazulu-natal,2026-08-16,,,
CJ-0194,CareerJunction,2643529,Medical Device / Theatre Sales Representative - Western Cape,Ultra Personnel cc,https://www.careerjunction.co.za/companies/28524/ultra-personnel-cc,Cape Town,No,R Undisclosed,No,Permanent,,Intermediate,,14 Aug 2026,2026-08-14,in 19 days,JHB001782,,0,No,https://www.careerjunction.co.za/medical-device-theatre-sales-representative-western-cape-job-2643529.aspx,Jobs in western cape,2026-08-16,,,
CJ-0195,CareerJunction,2643530,Debtors Clerk (6 month contract to perm),The Talent Experts,https://www.careerjunction.co.za/companies/32956/the-talent-experts,Paarden Eiland,No,Undisclosed,No,Contract,,Intermediate,,15 Aug 2026,2026-08-15,in 24 days,CS,,0,No,https://www.careerjunction.co.za/debtors-clerk-6-month-contract-to-perm-job-2643530.aspx,Jobs in western cape,2026-08-16,,,
CJ-0196,CareerJunction,2643531,Property and Leasing Head,Carlysle Human Capital,https://www.careerjunction.co.za/companies/23261/carlysle-human-capital,Durban (Durban CBD),No,R Undisclosed,No,Permanent,,Management,,15 Aug 2026,2026-08-15,in 14 days,DBN000932,,0,No,https://www.careerjunction.co.za/property-and-leasing-head-job-2643531.aspx,Jobs in kwazulu-natal,2026-08-16,,,
CJ-0197,CareerJunction,2643532,Active Directory Administrator,Network Contracting Solutions,https://www.careerjunction.co.za/companies/31530/network-contracting-solutions,Johannesburg North (Johannesburg North),No,R Undisclosed,No,Permanent,,Senior,,15 Aug 2026,2026-08-15,in 19 days,NCM003311,,0,No,https://www.careerjunction.co.za/active-directory-administrator-job-2643532.aspx,All Jobs in All Locations,2026-08-16,,,
CJ-0198,CareerJunction,2643535,Production Engineer,Ultra Personnel cc,https://www.careerjunction.co.za/companies/28524/ultra-personnel-cc,Alberton,No,R Undisclosed,No,Permanent,,Intermediate,,15 Aug 2026,2026-08-15,in 19 days,JHB001783,,0,No,https://www.careerjunction.co.za/production-engineer-job-2643535.aspx,All Jobs in All Locations,2026-08-16,,,
CJ-0199,CareerJunction,2643536,3rd Line Support Engineer - CPT | JHB,Datafin,https://www.careerjunction.co.za/companies/22742/datafin,Cape Town,No,R Undisclosed,No,Permanent,,Senior,,15 Aug 2026,2026-08-15,in 18 days,2605314,,0,No,https://www.careerjunction.co.za/3rd-line-support-engineer-cpt-jhb-job-2643536.aspx,Jobs in western cape,2026-08-16,,,
CJ-0200,CareerJunction,2643540,HR Manager,The Talent Experts,https://www.careerjunction.co.za/companies/32956/the-talent-experts,Bellville,No,Undisclosed,No,Permanent,,Intermediate,,15 Aug 2026,2026-08-15,in 24 days,SB,,0,No,https://www.careerjunction.co.za/hr-manager-job-2643540.aspx,Jobs in western cape,2026-08-16,,,
CJ-0201,CareerJunction,2643541,Unit Manager - Surgical Ward,MSP Staffing,https://www.careerjunction.co.za/companies/28434/msp-staffing,Cape Town CBD,No,Undisclosed,No,Permanent,,Senior,,14 Aug 2026,2026-08-14,in 24 days,,,0,No,https://www.careerjunction.co.za/unit-manager-surgical-ward-job-2643541.aspx,Jobs in western cape,2026-08-16,,,
CJ-0202,CareerJunction,2643542,Senior Professional Nurse Critical Care,MSP Staffing,https://www.careerjunction.co.za/companies/28434/msp-staffing,Durban North,No,Undisclosed,No,Permanent,,Senior,,15 Aug 2026,2026-08-15,in 24 days,,,0,No,https://www.careerjunction.co.za/senior-professional-nurse-critical-care-job-2643542.aspx,Jobs in kwazulu-natal,2026-08-16,,,
CJ-0203,CareerJunction,2643543,Senior Business Analyst: AI & Intelligent Automation,Paracon,https://www.careerjunction.co.za/companies/12652/paracon,Randjespark,No,R Undisclosed,No,Contract,,Senior,,15 Aug 2026,2026-08-15,in 24 days,122561204929967,,0,No,https://www.careerjunction.co.za/senior-business-analyst-ai-%26amp-intelligent-automation-job-2643543.aspx,All Jobs in All Locations,2026-08-16,,,
CJ-0204,CareerJunction,2643545,Crypto Quantitative Trader,MSP Staffing,https://www.careerjunction.co.za/companies/28434/msp-staffing,Cape Town CBD,No,Undisclosed,No,Permanent,,Senior,,15 Aug 2026,2026-08-15,in 24 days,,,0,No,https://www.careerjunction.co.za/crypto-quantitative-trader-job-2643545.aspx,Jobs in western cape,2026-08-16,,,
CJ-0205,CareerJunction,2643546,Tax Manager,MSP Staffing,https://www.careerjunction.co.za/companies/28434/msp-staffing,Cape Town CBD,No,Undisclosed,No,Permanent,,Senior,,15 Aug 2026,2026-08-15,in 24 days,,,0,No,https://www.careerjunction.co.za/tax-manager-job-2643546.aspx,Jobs in western cape,2026-08-16,,,
CJ-0206,CareerJunction,2643547,Finance Business Partner,MSP Staffing,https://www.careerjunction.co.za/companies/28434/msp-staffing,Pretoria CBD,No,Undisclosed,No,Permanent,,Senior,,15 Aug 2026,2026-08-15,in 24 days,,,0,No,https://www.careerjunction.co.za/finance-business-partner-job-2643547.aspx,All Jobs in All Locations,2026-08-16,,,
CJ-0207,CareerJunction,2643548,Senior Analyst/Associate,MSP Staffing,https://www.careerjunction.co.za/companies/28434/msp-staffing,Johannesburg,No,Undisclosed,No,Permanent,,Senior,,15 Aug 2026,2026-08-15,in 24 days,,,0,No,https://www.careerjunction.co.za/senior-analyst-associate-job-2643548.aspx,All Jobs in All Locations,2026-08-16,,,
CJ-0208,CareerJunction,2643549,Due Diligence Manager,MSP Staffing,https://www.careerjunction.co.za/companies/28434/msp-staffing,Johannesburg,No,Undisclosed,No,Permanent,,Senior,,15 Aug 2026,2026-08-15,in 24 days,,,0,No,https://www.careerjunction.co.za/due-diligence-manager-job-2643549.aspx,All Jobs in All Locations,2026-08-16,,,
CJ-0209,CareerJunction,2643550,Executive Office & AI Transformation Manager - Centurion,Datafin,https://www.careerjunction.co.za/companies/22742/datafin,Marconi Beam,No,R Undisclosed,No,Permanent,,Management,,14 Aug 2026,2026-08-14,in 18 days,2608115,,0,No,https://www.careerjunction.co.za/executive-office-%26amp-ai-transformation-manager-centurion-job-2643550.aspx,Jobs in western cape,2026-08-16,,,
CJ-0210,CareerJunction,2643552,Local Service - Key Account Manager,Dananda Talent,https://www.careerjunction.co.za/companies/34524/dananda-talent,Sandton,No,R Undisclosed,No,Permanent,,Intermediate,,15 Aug 2026,2026-08-15,in 20 days,JHB000876,,0,No,https://www.careerjunction.co.za/local-service-key-account-manager-job-2643552.aspx,All Jobs in All Locations,2026-08-16,,,
CJ-0211,CareerJunction,2643553,Account Manager - Mining Chemicals,Talentsphere,https://www.careerjunction.co.za/companies/23406/talentsphere,Gauteng,No,R Undisclosed,No,Permanent,,Intermediate,,15 Aug 2026,2026-08-15,in 19 days,PS010711,,0,No,https://www.careerjunction.co.za/account-manager-mining-chemicals-job-2643553.aspx,All Jobs in All Locations,2026-08-16,,,
CJ-0212,CareerJunction,2643555,Head of Service | BC Service Manager,Dananda Talent,https://www.careerjunction.co.za/companies/34524/dananda-talent,Sandton,No,R Undisclosed,No,Permanent,,Intermediate,,15 Aug 2026,2026-08-15,in 20 days,JHB000875,,0,No,https://www.careerjunction.co.za/head-of-service-bc-service-manager-job-2643555.aspx,All Jobs in All Locations,2026-08-16,,,
CJ-0213,CareerJunction,2643557,Technical Sales,Dananda Talent,https://www.careerjunction.co.za/companies/34524/dananda-talent,Sandton,No,R Undisclosed,No,Permanent,,Intermediate,,15 Aug 2026,2026-08-15,in 20 days,JHB000877,,0,No,https://www.careerjunction.co.za/technical-sales-job-2643557.aspx,All Jobs in All Locations,2026-08-16,,,
CJ-0214,CareerJunction,2643558,Construction Surveyor - Civil at MSP,MSP Staffing,https://www.careerjunction.co.za/companies/28434/msp-staffing,Cape Town CBD,No,Undisclosed,No,Permanent,,Senior,,15 Aug 2026,2026-08-15,in 24 days,,,0,No,https://www.careerjunction.co.za/construction-surveyor-civil-at-msp-job-2643558.aspx,Jobs in western cape,2026-08-16,,,
CJ-0215,CareerJunction,2643560,Senior Foreman,MSP Staffing,https://www.careerjunction.co.za/companies/28434/msp-staffing,Cape Town CBD,No,Undisclosed,No,Permanent,,Senior,,15 Aug 2026,2026-08-15,in 24 days,,,0,No,https://www.careerjunction.co.za/senior-foreman-job-2643560.aspx,Jobs in western cape,2026-08-16,,,
CJ-0216,CareerJunction,2643561,Senior Project Manager - Built Environment,MSP Staffing,https://www.careerjunction.co.za/companies/28434/msp-staffing,Johannesburg,No,Undisclosed,No,Permanent,,Senior,,15 Aug 2026,2026-08-15,in 24 days,,,0,No,https://www.careerjunction.co.za/senior-project-manager-built-environment-job-2643561.aspx,All Jobs in All Locations,2026-08-16,,,
CJ-0217,CareerJunction,2643562,Construction Manager,MSP Staffing,https://www.careerjunction.co.za/companies/28434/msp-staffing,Cape Town CBD,No,Undisclosed,No,Permanent,,Senior,,15 Aug 2026,2026-08-15,in 24 days,,,0,No,https://www.careerjunction.co.za/construction-manager-job-2643562.aspx,Jobs in western cape,2026-08-16,,,
CJ-0218,CareerJunction,2643563,Solution Implementation Architect (Senior),MSP Staffing,https://www.careerjunction.co.za/companies/28434/msp-staffing,Cape Town CBD,No,R700.00 - R1000.00 per hour,Yes,Permanent,,Senior,,15 Aug 2026,2026-08-15,in 24 days,,,0,No,https://www.careerjunction.co.za/solution-implementation-architect-senior-job-2643563.aspx,Jobs in western cape,2026-08-16,,,
CJ-0219,CareerJunction,2643564,Creditors Clerk,Zeal HR,https://www.careerjunction.co.za/companies/37578/zeal-hr,Edenvale,No,Undisclosed,No,Permanent,,Junior,,15 Aug 2026,2026-08-15,in 24 days,62146,,0,No,https://www.careerjunction.co.za/creditors-clerk-job-2643564.aspx,All Jobs in All Locations,2026-08-16,,,
CJ-0220,CareerJunction,2643565,MLOps Engineer (Senior),MSP Staffing,https://www.careerjunction.co.za/companies/28434/msp-staffing,Cape Town CBD,No,R700.00 - R1000.00 per hour,Yes,Permanent,,Senior,,15 Aug 2026,2026-08-15,in 24 days,,,0,No,https://www.careerjunction.co.za/mlops-engineer-senior-job-2643565.aspx,Jobs in western cape,2026-08-16,,,
CJ-0221,CareerJunction,2643566,Privacy Engineer (Senior),MSP Staffing,https://www.careerjunction.co.za/companies/28434/msp-staffing,Cape Town CBD,No,R700.00 - R1000.00 per hour,Yes,Permanent,,Senior,,15 Aug 2026,2026-08-15,in 24 days,,,0,No,https://www.careerjunction.co.za/privacy-engineer-senior-job-2643566.aspx,Jobs in western cape,2026-08-16,,,
CJ-0222,CareerJunction,2643567,Market Lead / Subject Matter Expert (SME) – Data Technologies & Artificial Intelligence,Watershed Consulting,https://www.careerjunction.co.za/companies/25618/watershed-consulting,Johannesburg,No,"R1,000 - R1,001 per month",Yes,Permanent,,Senior,,15 Aug 2026,2026-08-15,in 24 days,,,0,No,https://www.careerjunction.co.za/market-lead-subject-matter-expert-sme-data-technologies-%26amp-artificial-intelligence-job-2643567.aspx,All Jobs in All Locations,2026-08-16,,,
CJ-0223,CareerJunction,2643568,Machine Learning Engineer (Intermediate / Senior),MSP Staffing,https://www.careerjunction.co.za/companies/28434/msp-staffing,Cape Town CBD,No,"R60,000 - R80,000 per month",Yes,Permanent,,Senior,,15 Aug 2026,2026-08-15,in 24 days,,,0,No,https://www.careerjunction.co.za/machine-learning-engineer-intermediate-senior-job-2643568.aspx,Jobs in western cape,2026-08-16,,,
CJ-0224,CareerJunction,2643569,Market Lead / Subject Matter Expert (SME) – Data Technologies & Artificial Intelligence,Watershed Consulting,https://www.careerjunction.co.za/companies/25618/watershed-consulting,Johannesburg,No,"R1,000 - R1,001 per month",Yes,Permanent,,Senior,,15 Aug 2026,2026-08-15,in 24 days,,,0,No,https://www.careerjunction.co.za/market-lead-subject-matter-expert-sme-data-technologies-%26amp-artificial-intelligence-job-2643569.aspx,All Jobs in All Locations,2026-08-16,,,
CJ-0225,CareerJunction,2643570,Platform Engineer (Senior),MSP Staffing,https://www.careerjunction.co.za/companies/28434/msp-staffing,Cape Town CBD,No,R700.00 - R1000.00 per hour,Yes,Permanent,,Senior,,15 Aug 2026,2026-08-15,in 24 days,,,0,No,https://www.careerjunction.co.za/platform-engineer-senior-job-2643570.aspx,Jobs in western cape,2026-08-16,,,
CJ-0226,CareerJunction,2643571,Winder Electrician,MSP Staffing,https://www.careerjunction.co.za/companies/28434/msp-staffing,Johannesburg,No,R Undisclosed,No,Permanent,,Senior,,15 Aug 2026,2026-08-15,in 24 days,,,0,No,https://www.careerjunction.co.za/winder-electrician-job-2643571.aspx,All Jobs in All Locations,2026-08-16,,,
CJ-0227,CareerJunction,2643572,Survey Superintendent at MSP,MSP Staffing,https://www.careerjunction.co.za/companies/28434/msp-staffing,Johannesburg,No,"R141,700 - R158,300 per month",Yes,Permanent,,Senior,,15 Aug 2026,2026-08-15,in 24 days,,,0,No,https://www.careerjunction.co.za/survey-superintendent-at-msp-job-2643572.aspx,All Jobs in All Locations,2026-08-16,,,
CJ-0228,CareerJunction,2643573,Product Manager (Cleaning Chemicals & Equipment) (JHB),Datafin,https://www.careerjunction.co.za/companies/22742/datafin,Germiston,No,R Undisclosed,No,Permanent,,Intermediate,,15 Aug 2026,2026-08-15,in 18 days,2608116,,0,No,https://www.careerjunction.co.za/product-manager-cleaning-chemicals-%26amp-equipment-jhb-job-2643573.aspx,All Jobs in All Locations,2026-08-16,,,
CJ-0229,CareerJunction,2643576,Finance / Logistics Co-ordinator,Kelly,https://www.careerjunction.co.za/companies/36934/kelly,Boksburg,No,R Undisclosed,No,Permanent,,Intermediate,,15 Aug 2026,2026-08-15,in 24 days,,,0,No,https://www.careerjunction.co.za/finance-logistics-co-ordinator-job-2643576.aspx,All Jobs in All Locations,2026-08-16,,,
CJ-0230,CareerJunction,2643580,Payroll Administrator,Swift Recruitment,https://www.careerjunction.co.za/companies/36298/swift-recruitment,Boksburg,No,"R35,000 - R37,000 per month",Yes,Permanent,,Senior,,15 Aug 2026,2026-08-15,in 24 days,,,0,No,https://www.careerjunction.co.za/payroll-administrator-job-2643580.aspx,All Jobs in All Locations,2026-08-16,,,
CJ-0231,CareerJunction,2643581,Data Engineer at Sabenza IT & Recruitment,DCV Sabenza IT and Recruitment,https://www.careerjunction.co.za/companies/32616/dcv-sabenza-it-and-recruitment,Johannesburg,No,R Undisclosed,No,Contract,,Senior,EE,15 Aug 2026,2026-08-15,in 20 days,878000021977384,,0,No,https://www.careerjunction.co.za/data-engineer-at-sabenza-it-%26-recruitment-job-2643581.aspx,All Jobs in All Locations,2026-08-16,,,
CJ-0232,CareerJunction,2643582,Sales Representative (Pretoria),Sales Fraternity,https://www.careerjunction.co.za/companies/37163/sales-fraternity,Pretoria Region,No,"R28,000 per month",Yes,Permanent,,Intermediate,,15 Aug 2026,2026-08-15,in 24 days,,,0,No,https://www.careerjunction.co.za/sales-representative-pretoria-job-2643582.aspx,All Jobs in All Locations,2026-08-16,,,
CJ-0233,CareerJunction,2643584,Administrator/ Artist and Event Coordinator (Music - Entertainment - Table View - Cape Town),Kwena Human Capital,https://www.careerjunction.co.za/companies/26080/kwena-human-capital,Table View,No,Undisclosed,No,Contract,,Intermediate,,15 Aug 2026,2026-08-15,in 24 days,,,0,No,https://www.careerjunction.co.za/administrator-artist-and-event-coordinator-music-entertainment-table-view-cape-town-job-2643584.aspx,Jobs in western cape,2026-08-16,,,
CJ-0234,CareerJunction,2643586,Legal Secretary,Kelly,https://www.careerjunction.co.za/companies/36934/kelly,Cape Town CBD,No,R Undisclosed,No,Permanent,,Intermediate,EE,15 Aug 2026,2026-08-15,in 24 days,,,0,No,https://www.careerjunction.co.za/legal-secretary-job-2643586.aspx,Jobs in western cape,2026-08-16,,,
CJ-0235,CareerJunction,2643589,Business Development Representative - Gauteng at Ntice Sourcing Solutions (Pty) Ltd.,NTICE SOURCING SOLUTIONS (PTY) LTD.,https://www.careerjunction.co.za/companies/33092/ntice-sourcing-solutions-pty-ltd,Gauteng,Yes,R Undisclosed,No,Permanent,,Intermediate,,15 Aug 2026,2026-08-15,in 24 days,70128,,0,No,https://www.careerjunction.co.za/business-development-representative-gauteng-at-ntice-sourcing-solutions-pty-ltd-job-2643589.aspx,All Jobs in All Locations; Work from home; CareerJunction - work from home,2026-08-16,,,
CJ-0236,CareerJunction,2643590,Internal Sales & Administrator,KingsleyIrons Recruitment,https://www.careerjunction.co.za/companies/27630/kingsleyirons-recruitment,Randjespark,No,"R15,000 - R20,000 per month",Yes,Permanent,,Junior,,15 Aug 2026,2026-08-15,in 24 days,5dce1b34-6b35-4,,0,No,https://www.careerjunction.co.za/internal-sales-%26amp-administrator-job-2643590.aspx,All Jobs in All Locations,2026-08-16,,,
CJ-0237,CareerJunction,2643591,Business Development Representative - KZN at Ntice Sourcing Solutions (Pty) Ltd.,NTICE SOURCING SOLUTIONS (PTY) LTD.,https://www.careerjunction.co.za/companies/33092/ntice-sourcing-solutions-pty-ltd,Umhlanga,Yes,R Undisclosed,No,Permanent,,Intermediate,,15 Aug 2026,2026-08-15,in 24 days,70161,,0,No,https://www.careerjunction.co.za/business-development-representative-kzn-at-ntice-sourcing-solutions-pty-ltd-job-2643591.aspx,Jobs in kwazulu-natal; Work from home; CareerJunction - work from home,2026-08-16,,,
CJ-0238,CareerJunction,2643593,Business Development Representative - Western Cape at Ntice Sourcing Solutions (Pty) Ltd.,NTICE SOURCING SOLUTIONS (PTY) LTD.,https://www.careerjunction.co.za/companies/33092/ntice-sourcing-solutions-pty-ltd,Western Cape,Yes,R Undisclosed,No,Permanent,,Intermediate,,15 Aug 2026,2026-08-15,in 24 days,70194,,0,No,https://www.careerjunction.co.za/business-development-representative-western-cape-at-ntice-sourcing-solutions-pty-ltd-job-2643593.aspx,Jobs in western cape; Work from home; CareerJunction - work from home,2026-08-16,,,
CJ-0239,CareerJunction,2643595,Events Sales Executive,Hire Resolve,https://www.careerjunction.co.za/companies/24781/hire-resolve,Johannesburg,No,"R8,300 - R25,000 per month",Yes,Permanent,,Senior,,15 Aug 2026,2026-08-15,in 21 days,197335,,0,No,https://www.careerjunction.co.za/events-sales-executive-job-2643595.aspx,All Jobs in All Locations,2026-08-16,,,
CJ-0240,CareerJunction,2643596,Database Manager (Transaction Support),Fides Recruitment,https://www.careerjunction.co.za/companies/36302/fides-recruitment,Sandown,No,R Undisclosed,No,Permanent,,Intermediate,,15 Aug 2026,2026-08-15,in 24 days,,,0,No,https://www.careerjunction.co.za/database-manager-transaction-support-job-2643596.aspx,All Jobs in All Locations,2026-08-16,,,
CJ-0241,CareerJunction,2643597,Head of Technical - Solar PV (In Office - CPT),Datafin,https://www.careerjunction.co.za/companies/22742/datafin,Cape Town,No,R Undisclosed,No,Learnership,,,,15 Aug 2026,2026-08-15,in 18 days,2608117,,0,No,https://www.careerjunction.co.za/head-of-technical-solar-pv-in-office-cpt-job-2643597.aspx,Jobs in western cape,2026-08-16,,,
CJ-0242,CareerJunction,2643598,DevOps/Cloud Engineer,Paracon,https://www.careerjunction.co.za/companies/12652/paracon,Braamfontein (Braampark),No,R Undisclosed,No,Contract,,Specialist,,15 Aug 2026,2026-08-15,in 24 days,693278977781311,,0,No,https://www.careerjunction.co.za/devops-cloud-engineer-job-2643598.aspx,All Jobs in All Locations,2026-08-16,,,
CJ-0243,CareerJunction,2643599,AI Programme & Product Lead,Paracon,https://www.careerjunction.co.za/companies/12652/paracon,Randjespark,No,R Undisclosed,No,Temporary,,Specialist,,15 Aug 2026,2026-08-15,in 24 days,360713191601837,,0,No,https://www.careerjunction.co.za/ai-programme-%26amp-product-lead-job-2643599.aspx,All Jobs in All Locations,2026-08-16,,,
CJ-0244,CareerJunction,2643600,Junior Mechanical Draughtsman,Hire Resolve,https://www.careerjunction.co.za/companies/24781/hire-resolve,Germiston,No,"R25,000 - R30,000 per month",Yes,Internship,,,,15 Aug 2026,2026-08-15,in 25 days,197323,,0,No,https://www.careerjunction.co.za/junior-mechanical-draughtsman-job-2643600.aspx,All Jobs in All Locations,2026-08-16,,,
CJ-0245,CareerJunction,2643601,Senior Broker,Hire Resolve,https://www.careerjunction.co.za/companies/24781/hire-resolve,Somerset West,No,"R20,800 - R29,200 per month",Yes,Permanent,,Senior,,15 Aug 2026,2026-08-15,in 25 days,197379,,0,No,https://www.careerjunction.co.za/senior-broker-job-2643601.aspx,Jobs in western cape,2026-08-16,,,
CJ-0246,CareerJunction,2643602,Sales Representative - Food Raw Material Ingredients,Talentsphere,https://www.careerjunction.co.za/companies/23406/talentsphere,Gauteng,No,R Undisclosed,No,Permanent,,Intermediate,,15 Aug 2026,2026-08-15,in 19 days,PS010710,,0,No,https://www.careerjunction.co.za/sales-representative-food-raw-material-ingredients-job-2643602.aspx,All Jobs in All Locations,2026-08-16,,,
CJ-0247,CareerJunction,2643603,Senior Mechanical Engineer,Hire Resolve,https://www.careerjunction.co.za/companies/24781/hire-resolve,Cape Town,No,"R60,000 - R80,000 per month",Yes,Permanent,,Senior,,07 Aug 2026,2026-08-07,in 15 days,197381,,0,No,https://www.careerjunction.co.za/senior-mechanical-engineer-job-2643603.aspx,All Jobs in All Locations; Jobs in western cape; CareerJunction - all jobs,2026-08-16,,,
CJ-0248,CareerJunction,2643604,Senior BI Developer (JHB Hybrid),Datafin,https://www.careerjunction.co.za/companies/22742/datafin,Rosebank,No,R Undisclosed,No,Permanent,,Senior,,07 Aug 2026,2026-08-07,in 19 days,2608118,,0,No,https://www.careerjunction.co.za/senior-bi-developer-jhb-hybrid-job-2643604.aspx,All Jobs in All Locations; CareerJunction - all jobs,2026-08-16,,,
CJ-0249,CareerJunction,2643605,Investment Administration Specialist,Zeal HR,https://www.careerjunction.co.za/companies/37578/zeal-hr,Cape Town CBD,No,Undisclosed,No,Permanent,,Specialist,,07 Aug 2026,2026-08-07,in 25 days,62179,,0,No,https://www.careerjunction.co.za/investment-administration-specialist-job-2643605.aspx,All Jobs in All Locations; Jobs in western cape; CareerJunction - all jobs,2026-08-16,,,
CJ-0250,CareerJunction,2643606,Technical Services Manager,GAP Recruitment Agency,https://www.careerjunction.co.za/companies/37771/gap-recruitment-agency,Durban (Durban CBD),No,R Undisclosed,No,Permanent,,Management,,15 Aug 2026,2026-08-15,in 25 days,TSM01,,0,No,https://www.careerjunction.co.za/technical-services-manager-job-2643606.aspx,Jobs in kwazulu-natal,2026-08-16,,,
CJ-0251,CareerJunction,2643607,Senior Platform Engineer (JHB) at Sabenza IT & Recruitment,DCV Sabenza IT and Recruitment,https://www.careerjunction.co.za/companies/32616/dcv-sabenza-it-and-recruitment,Johannesburg,No,R01 - R02 per month,Placeholder,Permanent,,Senior,,07 Aug 2026,2026-08-07,in 21 days,878000022840188,"Building scalable platforms and self-service capabilities. Expertise in AWS, Kubernetes, GitOps, and Infrastructure as Code (Terraform). Requires 6+ years in Public Cloud and experience with Crossplane/ArgoCD.",209,Yes,https://www.careerjunction.co.za/senior-platform-engineer-jhb-at-sabenza-it-%26-recruitment-job-2643607.aspx,All Jobs in All Locations; CareerJunction - all jobs,2026-08-16,job page (summarised),,
CJ-0252,CareerJunction,2643608,Senior Platform Engineer (PTA) at Sabenza IT & Recruitment,DCV Sabenza IT and Recruitment,https://www.careerjunction.co.za/companies/32616/dcv-sabenza-it-and-recruitment,Pretoria,No,R01 - R02 per month,Placeholder,Permanent,,Senior,,15 Aug 2026,2026-08-15,in 21 days,878000022840222,,0,No,https://www.careerjunction.co.za/senior-platform-engineer-pta-at-sabenza-it-%26-recruitment-job-2643608.aspx,All Jobs in All Locations; CareerJunction - all jobs,2026-08-16,,,
CJ-0253,CareerJunction,2643609,Information Pharmacist (6 Month Fixed Term),MSP Staffing,https://www.careerjunction.co.za/companies/28434/msp-staffing,Durban North,No,Undisclosed,No,Permanent,,Senior,,07 Aug 2026,2026-08-07,in 25 days,,,0,No,https://www.careerjunction.co.za/information-pharmacist-6-month-fixed-term-job-2643609.aspx,All Jobs in All Locations; Jobs in kwazulu-natal; CareerJunction - all jobs,2026-08-16,,,
CJ-0254,CareerJunction,2643610,Senior Platform Engineer (CPT) at Sabenza IT & Recruitment,DCV Sabenza IT and Recruitment,https://www.careerjunction.co.za/companies/32616/dcv-sabenza-it-and-recruitment,Cape Town,No,R01 - R02 per month,Placeholder,Permanent,,Senior,,07 Aug 2026,2026-08-07,in 21 days,878000022840255,,0,No,https://www.careerjunction.co.za/senior-platform-engineer-cpt-at-sabenza-it-%26-recruitment-job-2643610.aspx,All Jobs in All Locations; Jobs in western cape; CareerJunction - all jobs,2026-08-16,,,
CJ-0255,CareerJunction,2643612,Patient Administration Manager,MSP Staffing,https://www.careerjunction.co.za/companies/28434/msp-staffing,Johannesburg,No,Undisclosed,No,Permanent,,Senior,,07 Aug 2026,2026-08-07,in 25 days,,,0,No,https://www.careerjunction.co.za/patient-administration-manager-job-2643612.aspx,All Jobs in All Locations; CareerJunction - all jobs,2026-08-16,,,
CJ-0256,CareerJunction,2643613,Registered Nurse - Scrub,MSP Staffing,https://www.careerjunction.co.za/companies/28434/msp-staffing,Durban North,No,Undisclosed,No,Permanent,,Senior,,15 Aug 2026,2026-08-15,in 25 days,,,0,No,https://www.careerjunction.co.za/registered-nurse-scrub-job-2643613.aspx,Jobs in kwazulu-natal,2026-08-16,,,
CJ-0257,CareerJunction,2643614,Fire Detection Technical Programmer,The Recruitment Pig,https://www.careerjunction.co.za/companies/37518/the-recruitment-pig,South Africa,No,"R18,000 - R28,000 per month",Yes,Permanent,,Intermediate,,07 Aug 2026,2026-08-07,in 6 days,JHB000115,,0,No,https://www.careerjunction.co.za/fire-detection-technical-programmer-job-2643614.aspx,All Jobs in All Locations; CareerJunction - all jobs,2026-08-16,,,
CJ-0258,CareerJunction,2643615,Contracts Manager,MSP Staffing,https://www.careerjunction.co.za/companies/28434/msp-staffing,Durban North,No,Undisclosed,No,Permanent,,Senior,,07 Aug 2026,2026-08-07,in 25 days,,,0,No,https://www.careerjunction.co.za/contracts-manager-job-2643615.aspx,All Jobs in All Locations; Jobs in kwazulu-natal; CareerJunction - all jobs,2026-08-16,,,
CJ-0259,CareerJunction,2643616,Sales Executive,Intellistaff Outsourced Services,https://www.careerjunction.co.za/companies/33712/intellistaff-outsourced-services,Durban (Durban CBD),No,R Undisclosed,No,Permanent,,Senior,,15 Aug 2026,2026-08-15,in 20 days,JHB003870,,0,No,https://www.careerjunction.co.za/sales-executive-job-2643616.aspx,Jobs in kwazulu-natal,2026-08-16,,,
CJ-0260,CareerJunction,2643617,Lead Door Installer,Zeal HR,https://www.careerjunction.co.za/companies/37578/zeal-hr,Tierpoort,No,Undisclosed,No,Permanent,,Junior,,07 Aug 2026,2026-08-07,in 25 days,,,0,No,https://www.careerjunction.co.za/lead-door-installer-job-2643617.aspx,All Jobs in All Locations; CareerJunction - all jobs,2026-08-16,,,
CJ-0261,CareerJunction,2643618,Structural Draughtsman,MSP Staffing,https://www.careerjunction.co.za/companies/28434/msp-staffing,Johannesburg,No,Undisclosed,No,Permanent,,Senior,,07 Aug 2026,2026-08-07,in 25 days,,,0,No,https://www.careerjunction.co.za/structural-draughtsman-job-2643618.aspx,All Jobs in All Locations; CareerJunction - all jobs,2026-08-16,,,
CJ-0262,CareerJunction,2643619,ServiceNow Health & Safety Technical Consultant / Developer at Datonomy Solutions,Datonomy Solutions (Cape Town),https://www.careerjunction.co.za/companies/31023/datonomy-solutions-cape-town,Sandton,No,"R80,000 - R95,000 per month",Yes,Contract,,Specialist,,15 Aug 2026,2026-08-15,in 19 days,858,,0,No,https://www.careerjunction.co.za/servicenow-health-%26amp-safety-technical-consultant-developer-at-datonomy-solutions-job-2643619.aspx,All Jobs in All Locations; CareerJunction - all jobs,2026-08-16,,,
CJ-0263,CareerJunction,2643620,Area Sales Manager,Dananda Talent,https://www.careerjunction.co.za/companies/34524/dananda-talent,Sandton,No,R Undisclosed,No,Permanent,,Intermediate,,07 Aug 2026,2026-08-07,in 21 days,JHB000880,,0,No,https://www.careerjunction.co.za/area-sales-manager-job-2643620.aspx,All Jobs in All Locations; CareerJunction - all jobs,2026-08-16,,,
CJ-0264,CareerJunction,2643621,Senior PV Technician,The Talent Experts,https://www.careerjunction.co.za/companies/32956/the-talent-experts,Upington,No,Undisclosed,No,Permanent,,Senior,,07 Aug 2026,2026-08-07,in 25 days,KT,,0,No,https://www.careerjunction.co.za/senior-pv-technician-job-2643621.aspx,All Jobs in All Locations; CareerJunction - all jobs,2026-08-16,,,
CJ-0265,CareerJunction,2643622,Hybrid Plant Manager,The Talent Experts,https://www.careerjunction.co.za/companies/32956/the-talent-experts,Upington,No,Undisclosed,No,Permanent,,Senior,,07 Aug 2026,2026-08-07,in 25 days,KT,,0,No,https://www.careerjunction.co.za/hybrid-plant-manager-job-2643622.aspx,All Jobs in All Locations; CareerJunction - all jobs,2026-08-16,,,
CJ-0266,CareerJunction,2643623,Customer Sales Consultant,Dananda Talent,https://www.careerjunction.co.za/companies/34524/dananda-talent,Middelburg,No,R Undisclosed,No,Permanent,,Intermediate,,15 Aug 2026,2026-08-15,in 15 days,JHB000881,"Our client is actively looking for a talented, vibrant, highly motivated and disciplined Customer Sales Consultant who will represent the company as a brand ambassador and offer sales services to our customers. Job Requirements: Sales territory – Graaff Reinet, Cradock, Aberdeen, Middelburg (EC), Victoria West, Britstown, De Aar, Hanover and Jansenville. Area of residence – Graaff Reinet, Cradock, Aberdeen, Middelburg (EC), Victoria West, Britstown, De Aar, Hanover and Jansenville. Minimum of 2 years sales experience in a relevant industry. Knowledge in the automotive industry is an advantage. Key account management experience will be advantageous. Matric or equivalent. Legal and valid driver’s license with no endorsements. South African Citizen. Well-spoken / good English. Afrikaans speaking is an advantage. No Criminal Record or Charges. Clear credit history. No Disciplinary records. Role & Responsibilities: Target achievement. Ensure that the current customers are serviced according to predetermined schedules. Update customer information according to company requirements. Sales reports. Territory development through networking and cold calls. Payment collections and credit control.",1203,Yes,https://www.careerjunction.co.za/customer-sales-consultant-job-2643623.aspx,All Jobs in All Locations; Jobs in eastern cape; CareerJunction - all jobs,2026-08-16,job page (full text),"Basic Salary, Medical Aid, Provident Fund, 50% Maternity Benefit, Company Vehicle including fuel, Communication Allowance, Commission to be earned.",Sales reports; Cold calls; Payment collections
CJ-0267,CareerJunction,2643624,Customer Sales Consultant,Dananda Talent,https://www.careerjunction.co.za/companies/34524/dananda-talent,Pietermaritzburg (Pietermaritzburg Central),No,R Undisclosed,No,Permanent,,Intermediate,,07 Aug 2026,2026-08-07,in 21 days,JHB000882,,0,No,https://www.careerjunction.co.za/customer-sales-consultant-job-2643624.aspx,All Jobs in All Locations; Jobs in kwazulu-natal; CareerJunction - all jobs,2026-08-16,,,
CJ-0268,CareerJunction,2643625,Area Manager,Fusion Personnel,https://www.careerjunction.co.za/companies/37564/fusion-personnel,Kathu,No,R Undisclosed,No,Permanent,,Intermediate,,07 Aug 2026,2026-08-07,in 25 days,JHB006261,,0,No,https://www.careerjunction.co.za/area-manager-job-2643625.aspx,All Jobs in All Locations; CareerJunction - all jobs,2026-08-16,,,
CJ-0269,CareerJunction,2643626,Management Consaltant,Network Contracting Solutions,https://www.careerjunction.co.za/companies/31530/network-contracting-solutions,Cape Town,No,R Undisclosed,No,Contract,,Senior,,07 Aug 2026,2026-08-07,in 20 days,NCM003318,,0,No,https://www.careerjunction.co.za/management-consaltant-job-2643626.aspx,All Jobs in All Locations; Jobs in western cape; CareerJunction - all jobs,2026-08-16,,,
CJ-0270,CareerJunction,2643627,Head: Leaching at Mintek,Mintek,https://www.careerjunction.co.za/companies/31313/mintek,Randburg,No,R Undisclosed,No,Permanent,,Intermediate,,07 Aug 2026,2026-08-07,in 21 days,MN_4247952,,0,No,https://www.careerjunction.co.za/head-leaching-at-mintek-job-2643627.aspx,All Jobs in All Locations; CareerJunction - all jobs,2026-08-16,,,
CJ-0271,CareerJunction,2643628,Audit Supervisor at Mintek,Mintek,https://www.careerjunction.co.za/companies/31313/mintek,Randburg,No,R Undisclosed,No,Permanent,,Intermediate,,07 Aug 2026,2026-08-07,in 21 days,MN_4247871,,0,No,https://www.careerjunction.co.za/audit-supervisor-at-mintek-job-2643628.aspx,All Jobs in All Locations; CareerJunction - all jobs,2026-08-16,,,
CJ-0272,CareerJunction,2643629,Sourcing Specialist (6 months contract) at Mintek,Mintek,https://www.careerjunction.co.za/companies/31313/mintek,Randburg,No,R Undisclosed,No,Temporary,,Intermediate,,07 Aug 2026,2026-08-07,in 21 days,MN_4248030,,0,No,https://www.careerjunction.co.za/sourcing-specialist-6-months-contract-at-mintek-job-2643629.aspx,All Jobs in All Locations; CareerJunction - all jobs,2026-08-16,,,
CJ-0273,CareerJunction,2643630,Internal Auditor at Mintek,Mintek,https://www.careerjunction.co.za/companies/31313/mintek,Randburg,No,R Undisclosed,No,Permanent,,Intermediate,,07 Aug 2026,2026-08-07,in 21 days,MN_4247916,,0,No,https://www.careerjunction.co.za/internal-auditor-at-mintek-job-2643630.aspx,All Jobs in All Locations; CareerJunction - all jobs,2026-08-16,,,
CJ-0274,CareerJunction,2643631,Business Analyst at Sabenza IT & Recruitment,DCV Sabenza IT and Recruitment,https://www.careerjunction.co.za/companies/32616/dcv-sabenza-it-and-recruitment,Cape Town,No,R1.00 - R2.00 per hour,Placeholder,Contract,,Intermediate,,07 Aug 2026,2026-08-07,in 21 days,878000022820965,,0,No,https://www.careerjunction.co.za/business-analyst-at-sabenza-it-%26-recruitment-job-2643631.aspx,All Jobs in All Locations; Jobs in western cape; CareerJunction - all jobs,2026-08-16,,,
CJ-0275,CareerJunction,2643632,Bookkeeper / Office Administrator,KingsleyIrons Recruitment,https://www.careerjunction.co.za/companies/27630/kingsleyirons-recruitment,Randjespark,No,"R25,000 - R30,000 per month",Yes,Permanent,,Intermediate,,07 Aug 2026,2026-08-07,in 25 days,7ccf48c1-22e2-4,,0,No,https://www.careerjunction.co.za/bookkeeper-office-administrator-job-2643632.aspx,All Jobs in All Locations; CareerJunction - all jobs,2026-08-16,,,
CJ-0276,CareerJunction,2643633,Bookkeeper / Office Administrator,KingsleyIrons Recruitment,https://www.careerjunction.co.za/companies/27630/kingsleyirons-recruitment,Randjespark,No,"R25,000 - R30,000 per month",Yes,Permanent,,Intermediate,,07 Aug 2026,2026-08-07,in 25 days,7ccf48c1-22e2-4,,0,No,https://www.careerjunction.co.za/bookkeeper-office-administrator-job-2643633.aspx,All Jobs in All Locations; CareerJunction - all jobs,2026-08-16,,,
CJ-0277,CareerJunction,2643634,Debtors Clerk,Ultra Personnel cc,https://www.careerjunction.co.za/companies/28524/ultra-personnel-cc,Boksburg,No,R Undisclosed,No,Permanent,,Intermediate,,07 Aug 2026,2026-08-07,in 20 days,JHB001784,,0,No,https://www.careerjunction.co.za/debtors-clerk-job-2643634.aspx,All Jobs in All Locations; CareerJunction - all jobs,2026-08-16,,,
CJ-0278,CareerJunction,2643635,Manager: Business Applications and Process Support (CH129),Capital H Staffing,https://www.careerjunction.co.za/companies/30732/capital-h-staffing,Pietermaritzburg,No,R Undisclosed,No,Permanent,,Senior,,07 Aug 2026,2026-08-07,in 25 days,27d27fcd-246e-4,,0,No,https://www.careerjunction.co.za/manager-business-applications-and-process-support-ch129-job-2643635.aspx,All Jobs in All Locations; Jobs in kwazulu-natal; CareerJunction - all jobs,2026-08-16,,,
CJ-0279,CareerJunction,2643646,Chemical Buyer,Hire Resolve,https://www.careerjunction.co.za/companies/24781/hire-resolve,Pinetown,No,"R29,200 - R33,300 per month",Yes,Permanent,,Junior,,11 Aug 2026,2026-08-11,in 29 days,197546,,0,No,https://www.careerjunction.co.za/chemical-buyer-job-2643646.aspx,Jobs in kwazulu-natal,2026-08-16,,,
CJ-0280,CareerJunction,2643654,Senior Audit Manager CA(SA),Hire Resolve,https://www.careerjunction.co.za/companies/24781/hire-resolve,Pietermaritzburg (Pietermaritzburg Central),No,"R58,300 - R80,000 per month",Yes,Permanent,,Senior,,11 Aug 2026,2026-08-11,in 29 days,197647,,0,No,https://www.careerjunction.co.za/senior-audit-manager-casa-job-2643654.aspx,Jobs in kwazulu-natal,2026-08-16,,,
CJ-0281,CareerJunction,2643662,VAPs Sales Agent - Call Centre,Stratogo,https://www.careerjunction.co.za/companies/24239/stratogo,Gqeberha,No,R Undisclosed,No,Permanent,,Intermediate,,11 Aug 2026,2026-08-11,in 14 days,HQ001307,"Our client is seeking a dynamic and sales-driven VAPS Sales Agent to join their team in Mill Park, Gqeberha. The successful candidate will be responsible for driving revenue growth by effectively upselling value-added products to existing and prospective customers while consistently delivering exceptional customer service. Key Responsibilities: Share ideas and insights with the team to continuously improve sales effectiveness. Identify upselling opportunities by understanding customer needs and profiles. Promote and sell value-added products to existing and prospective customers. Deliver a high standard of customer service in every interaction. Apply effective sales techniques to achieve and exceed targets. Handle objections confidently and close sales professionally. Accurately capture customer information and sales details. Maintain strong product knowledge to confidently position solutions. Adhere to compliance and quality assurance standards. Meet defined KPIs, including conversion rates, call quality and productivity. Follow up on leads and customer commitments within agreed timelines. Contribute to a positive team culture and continuous improvement. Minimum Requirements: Matric / Grade 12. Regulatory Examination (RE5) – Essential. Full qualification in Short-Term Insurance – Essential. Bachelor's Degree will be advantageous but is not essential. Minimum 1 year inbound/outbound call centre sales experience. Minimum 1 year VAPS experience will be advantageous. Fluent in English is essential, plus one other official South African language. Previous experience within short-term insurance will be advantageous. Skills & Competencies: Sales-driven and target-oriented. Strong communication and interpersonal skills. Active listening and empathy. Persuasion and influencing ability. Customer-centric mindset. Problem-solving and critical-thinking skills. Adaptability and resilience. Effective time management and prioritisation. Confidence and professionalism. Emotional intelligence. Attention to detail. Teamwork and collaboration. Self-motivation and accountability.",2096,Yes,https://www.careerjunction.co.za/vaps-sales-agent-call-centre-job-2643662.aspx,Jobs in eastern cape,2026-08-16,job page (full text),,
CJ-0282,CareerJunction,2643670,Technical External Sales,Fusion Personnel,https://www.careerjunction.co.za/companies/37564/fusion-personnel,Durban (Durban CBD),No,R40 - R53 per month,Yes,Permanent,,Intermediate,,11 Aug 2026,2026-08-11,in 24 days,JHB006263,,0,No,https://www.careerjunction.co.za/technical-external-sales-job-2643670.aspx,Jobs in kwazulu-natal,2026-08-16,,,
CJ-0283,CareerJunction,2643675,Millwright - Eastern Cape,Stratogo,https://www.careerjunction.co.za/companies/24239/stratogo,Gqeberha,No,R Undisclosed,No,Permanent,,Intermediate,,11 Aug 2026,2026-08-11,in 14 days,HQ001309,"Stratogo is a professional recruitment and workforce solutions company specializing in sourcing and placing top talent across various industries. Our client, a plastics manufacturing facility based in Gqeberha, is seeking a qualified Millwright to ensure maximum plant availability through effective maintenance, fault-finding, repairs, and optimisation of mechanical and electrical equipment within a continuous production environment. Key Responsibilities: Perform preventative, predictive, and breakdown maintenance on extrusion lines, utilities, and ancillary equipment. Diagnose and repair mechanical and electrical faults on production equipment. Perform fault-finding on PLC-controlled machinery, VSDs, motors, instrumentation, pumps, gearboxes, compressors, conveyors, and automated equipment. Maintain and repair extrusion machinery, chill rolls, vacuum systems, and auxiliary equipment. Assist with installation, commissioning, and modification of new plant equipment and automated systems. Conduct root cause analysis on recurring equipment failures and implement corrective actions. Ensure accurate completion of maintenance records and work orders. Maintain high standards of safety, housekeeping, and compliance within the workshop and plant. Support continuous improvement initiatives aimed at increasing equipment reliability and production efficiency. Work closely with production and engineering management to minimise downtime and support production targets. Be available to work shifts, overtime, standby, and emergency breakdown call-outs when required. Minimum Requirements: Qualified Millwright Trade Test (Red Seal) or equivalent recognised artisan qualification. Minimum NTC3 certificate with electrical and mechanical subjects. Minimum 5 years' industrial maintenance experience within a manufacturing environment. Experience working with PLC-controlled machinery, VSDs, motors, pumps, gearboxes, and automated production equipment. Experience in plastics extrusion, sheet manufacturing, chemical processing, or continuous process industries will be advantageous. Ability to read and interpret mechanical, electrical, and instrumentation drawings. Computer literacy and experience with CMMS will be advantageous. Siemens PLC and industrial automation training will be advantageous. Skills & Competencies: Strong mechanical and electrical fault-finding abilities. Excellent problem-solving and root-cause analysis skills. Strong communication and interpersonal skills. Ability to work independently and take initiative. Self-starter with a willingness to learn and develop technical knowledge. Ability to work effectively in a continuous production environment. Strong attention to detail and commitment to safety and housekeeping.",2756,Yes,https://www.careerjunction.co.za/millwright-eastern-cape-job-2643675.aspx,Jobs in eastern cape,2026-08-16,job page (full text),,
CJ-0284,CareerJunction,2643685,Systems Developer - CONTRACT - Durban,NTICE SOURCING SOLUTIONS (PTY) LTD.,https://www.careerjunction.co.za/companies/33092/ntice-sourcing-solutions-pty-ltd,Mount Edgecombe,No,R Undisclosed,No,Contract,,Intermediate,,11 Aug 2026,2026-08-11,in 29 days,70293,,0,No,https://www.careerjunction.co.za/systems-developer-contract-durban-job-2643685.aspx,Jobs in kwazulu-natal,2026-08-16,,,
CJ-0285,CareerJunction,2643687,Business Improvement Coordinator - Africa Region (CH1270),Capital H Staffing,https://www.careerjunction.co.za/companies/30732/capital-h-staffing,Pietermaritzburg,No,R Undisclosed,No,Permanent,,Intermediate,,11 Aug 2026,2026-08-11,in 29 days,0fc7d575-451a-4,,0,No,https://www.careerjunction.co.za/business-improvement-coordinator-africa-region-ch1270-job-2643687.aspx,Jobs in kwazulu-natal,2026-08-16,,,
CJ-0286,CareerJunction,2643694,Project Coordinator (12 Month Fixed Term Contract - Wits Health Consortium),AJ Personnel,https://www.careerjunction.co.za/companies/23629/aj-personnel,Durban (Durban CBD),No,R Undisclosed,No,Contract,,Intermediate,,12 Aug 2026,2026-08-12,in 3 days,JHB003990,,0,No,https://www.careerjunction.co.za/project-coordinator-12-month-fixed-term-contract-wits-health-consortium-job-2643694.aspx,Jobs in kwazulu-natal,2026-08-16,,,
CJ-0287,CareerJunction,2643704,Creditors Clerk,Vital Element (Pty) Ltd,https://www.careerjunction.co.za/companies/35770/vital-element-pty-ltd,Pinetown,No,R Undisclosed,No,Permanent,,Intermediate,,12 Aug 2026,2026-08-12,in 30 days,,,0,No,https://www.careerjunction.co.za/creditors-clerk-job-2643704.aspx,Jobs in kwazulu-natal,2026-08-16,,,
CJ-0288,CareerJunction,2643719,Technical Accounts Manager,GAP Recruitment Agency,https://www.careerjunction.co.za/companies/37771/gap-recruitment-agency,Durban (Durban CBD),No,R Undisclosed,No,Permanent,,Management,,12 Aug 2026,2026-08-12,in 30 days,TAM01,,0,No,https://www.careerjunction.co.za/technical-accounts-manager-job-2643719.aspx,Jobs in kwazulu-natal,2026-08-16,,,
CJ-0289,CareerJunction,2643724,SALES REPRESENTATIVE - INTERNAL / EXTERNAL SALES,GAP Recruitment Agency,https://www.careerjunction.co.za/companies/37771/gap-recruitment-agency,Durban (Durban CBD),No,R Undisclosed,No,Permanent,,Intermediate,,12 Aug 2026,2026-08-12,in 30 days,SA01,,0,No,https://www.careerjunction.co.za/sales-representative-internal-external-sales-job-2643724.aspx,Jobs in kwazulu-natal,2026-08-16,,,
CJ-0290,CareerJunction,2643738,Receiving Manager,MSP Staffing,https://www.careerjunction.co.za/companies/28434/msp-staffing,Durban (Durban CBD),No,R Undisclosed,No,Permanent,,Senior,,13 Aug 2026,2026-08-13,in 30 days,,,0,No,https://www.careerjunction.co.za/receiving-manager-job-2643738.aspx,Jobs in kwazulu-natal,2026-08-16,,,
CJ-0291,CareerJunction,2643742,Customer Service Manager,MSP Staffing,https://www.careerjunction.co.za/companies/28434/msp-staffing,Port Elizabeth,No,R Undisclosed,No,Permanent,,Senior,,13 Aug 2026,2026-08-13,in 30 days,,"Stop and take a look if you are in the Warehouse and Distribution sector this is a fantastic opportunity to be a part of a very well-established company as a Customer Service Manager. Minimum Requirements: Matric, Degree or Diploma, 2 Years' proven Supply Chain experience within FMCG or QRS environment, 1 Years' minimum proven International Supply Chain experience, 1 Years' SADC export/general export experience.",415,Yes,https://www.careerjunction.co.za/customer-service-manager-job-2643742.aspx,Jobs in eastern cape,2026-08-16,job page (full text),,SADC export/general export; Customer Service Manager
CJ-0292,CareerJunction,2643743,Procurement Group Lead at MSP,MSP Staffing,https://www.careerjunction.co.za/companies/28434/msp-staffing,Port Elizabeth,No,R Undisclosed,No,Permanent,,Senior,,13 Aug 2026,2026-08-13,in 30 days,,"Stop and take a look if you are in the FMCG Manufacturing sector this is a fantastic opportunity to be a part of a very well-established company as a Procurement Group Lead. Minimum Requirements: Matric, Degree or Diploma, At least 5 years of experience in procurement, sourcing, commodity trading, or supply chain management. Experience managing international sourcing and supplier negotiations. Knowledge of commodity markets, Incoterms, foreign exchange, trading principles, and risk management.",498,Yes,https://www.careerjunction.co.za/procurement-group-lead-at-msp-job-2643743.aspx,Jobs in eastern cape,2026-08-16,job page (full text),,Managing international sourcing; Procurement Group Lead
CJ-0293,CareerJunction,2643744,Academic Support Coordinator (School of Project Management) at Mancosa,MANCOSA,https://www.careerjunction.co.za/companies/35317/mancosa,Durban (Durban CBD),No,R Undisclosed,No,Permanent,,Intermediate,,13 Aug 2026,2026-08-13,in 27 days,MA_4249938,,0,No,https://www.careerjunction.co.za/academic-support-coordinator-school-of-project-management-at-mancosa-job-2643744.aspx,Jobs in kwazulu-natal,2026-08-16,,,
CJ-0294,CareerJunction,2643745,ACADEMIC: SCHOOL OF SUPPLY CHAIN MANAGEMENT at Mancosa,MANCOSA,https://www.careerjunction.co.za/companies/35317/mancosa,Durban (Durban CBD),No,R Undisclosed,No,Permanent,,Intermediate,,13 Aug 2026,2026-08-13,in 27 days,MA_4249913,,0,No,https://www.careerjunction.co.za/academic-school-of-supply-chain-management-at-mancosa-job-2643745.aspx,Jobs in kwazulu-natal,2026-08-16,,,
CJ-0295,CareerJunction,2643751,Senior Internal Auditor,The Talent Experts,https://www.careerjunction.co.za/companies/32956/the-talent-experts,Cape Town CBD,No,Undisclosed,No,Permanent,,Management,,13 Aug 2026,2026-08-13,in 31 days,CS,,0,No,https://www.careerjunction.co.za/senior-internal-auditor-job-2643751.aspx,Jobs in western cape,2026-08-16,,,
CJ-0296,CareerJunction,2643752,Report Accountant Assistant,121 Talent,https://www.careerjunction.co.za/companies/27643/121-talent,New Germany,No,Undisclosed,No,Permanent,,Intermediate,,13 Aug 2026,2026-08-13,in 31 days,TAL3984,,0,No,https://www.careerjunction.co.za/report-accountant-assistant-job-2643752.aspx,Jobs in kwazulu-natal,2026-08-16,,,
CJ-0297,CareerJunction,2643756,Microsoft Modern Workplace Architect - Contract - Remote,Datafin,https://www.careerjunction.co.za/companies/22742/datafin,Johannesburg,Yes,R Undisclosed,No,Permanent,,Intermediate,,13 Aug 2026,2026-08-13,in 25 days,2608203,,0,No,https://www.careerjunction.co.za/microsoft-modern-workplace-architect-contract-remote-job-2643756.aspx,Work from home; CareerJunction - work from home,2026-08-16,,,
CJ-0298,CareerJunction,2643757,Construction Site Foreman (Paarl Onsite),Datafin,https://www.careerjunction.co.za/companies/22742/datafin,Paarl,No,R Undisclosed,No,Learnership,,,,13 Aug 2026,2026-08-13,in 25 days,2608204,,0,No,https://www.careerjunction.co.za/construction-site-foreman-paarl-onsite-job-2643757.aspx,Jobs in western cape,2026-08-16,,,
CJ-0299,CareerJunction,2643760,Production Planner,Recru-it,https://www.careerjunction.co.za/companies/25448/recru-it,Eastern Cape,No,R Undisclosed,No,Permanent,,Intermediate,,13 Aug 2026,2026-08-13,in 26 days,PE011692,"Core purpose: To help achieve the company’s objectives by producing (and updating) daily and weekly production schedules to ensure efficient and effective production output that meets the internal requirements of the Company and the call-offs of the clients. The master scheduler is responsible for planning, scheduling, coordinating and monitoring products through the complete production cycle. Master schedules work with several individuals, including supervisors, clients, and individuals from other companies. [Details same as above Production Planner listing].",566,Yes,https://www.careerjunction.co.za/production-planner-job-2643760.aspx,Jobs in eastern cape,2026-08-16,job page (full text),,Scheduling experience; Valid drivers' license; Syspro; Injection moulding industry
CJ-0300,CareerJunction,2643761,Production Planner,Recru-it,https://www.careerjunction.co.za/companies/25448/recru-it,Eastern Cape,No,R Undisclosed,No,Permanent,,Intermediate,,13 Aug 2026,2026-08-13,in 26 days,PE011691,"To help achieve the company’s objectives by producing (and updating) daily and weekly production schedules to ensure efficient and effective production output that meets the internal requirements of the Company and the call-offs of the clients. The master scheduler is responsible for planning, scheduling, coordinating and monitoring products through the complete production cycle. Master schedules work with several individuals, including supervisors, clients, and individuals from other companies. Duties & Responsibilities: Create and update production schedules, to ensure the most effective and efficient use of all resources and that production outputs meet customer call offs. Communicate plan to Production Department. Monitor production outputs to ensure compliance with plans and to identify changes required. Liaise with the Material Requirements Planner to ensure availability of raw materials. Respond to production issues and resolve. Identify problems and help improve processes. Generate reports and schedules. Retrieve customer releases from My Exchange. Do cycle count and stock monitoring. Compile a list of tools that are down and escalate all production stoppers. Understand customer requirements and lead-time of each product. Hands-on knowledge of Finished Goods storage. Schedule planning meetings twice a week. Utilise the Master document to monitor inventory in and out and accuracy. Understanding of take rates and volume. Manage WIP and half Bins. Coordinate Stock take from production end and ensure compliance. Labour balancing for planning. Admin work supports the production manager. Strong Layout and 6s. Liaison with CMS and Maintenance, this is a key role. Overtime justification and control. Education: Grade 12. Tertiary qualification in inventory management / production / scheduling. Requirements: 3 Years scheduling experience. Ability to handle and prioritize multiple tasks. Proficiency with computers. Ability to create and understand reports to assist production decisions. Valid drivers’ license and own transport. High level of Excel skills. Ability to design scheduling systems. Experience with Syspro. Experience in the injection moulding industry. Strong communication. Technical background will be added advantage. Ability to work under pressure to achieve company goals. Ability to work under pressure with minimum supervision.",2379,Yes,https://www.careerjunction.co.za/production-planner-job-2643761.aspx,Jobs in eastern cape,2026-08-16,job page (full text),,Production schedules; Monitor production outputs; Injection moulding; Stock monitoring
CJ-0301,CareerJunction,2643765,Business Analyst,QE Services (QE Services),https://www.careerjunction.co.za/companies/30752/qe-services-qe-services,Bellville,No,Undisclosed,No,Contract,,Intermediate,,13 Aug 2026,2026-08-13,in 31 days,,,0,No,https://www.careerjunction.co.za/business-analyst-job-2643765.aspx,Jobs in western cape,2026-08-16,,,
CJ-0302,CareerJunction,2643766,Sales Representative - Security Systems / Security Fog / Smoke Screen Technology Solutions (Roodepoort),Sales Fraternity,https://www.careerjunction.co.za/companies/37163/sales-fraternity,Roodepoort,Yes,"R35,000 - R40,000 per month",Yes,Permanent,,Intermediate,,13 Aug 2026,2026-08-13,in 31 days,,,0,No,https://www.careerjunction.co.za/sales-representative-security-systems-security-fog-smoke-screen-technology-solutions-roodepoort-job-2643766.aspx,Work from home; CareerJunction - work from home,2026-08-16,,,
CJ-0303,CareerJunction,2643769,Procurement Officer : Durban North,Stratogo,https://www.careerjunction.co.za/companies/24239/stratogo,KwaZulu-Natal,No,R Undisclosed,No,Permanent,,Intermediate,,13 Aug 2026,2026-08-13,in 31 days,HQ001310,,0,No,https://www.careerjunction.co.za/procurement-officer-durban-north-job-2643769.aspx,Jobs in kwazulu-natal,2026-08-16,,,
CJ-0304,CareerJunction,2643771,Warehouse Admin Clerk at AdcorpBlu,Adcorp Blu,https://www.careerjunction.co.za/companies/35584/adcorp-blu,Pietermaritzburg NU,No,Undisclosed,No,Temporary,,Intermediate,,13 Aug 2026,2026-08-13,in 31 days,FMCG-ADMIN,,0,No,https://www.careerjunction.co.za/warehouse-admin-clerk-at-adcorpblu-job-2643771.aspx,Jobs in kwazulu-natal,2026-08-16,,,
CJ-0305,CareerJunction,2643773,Accountant,The Recruitment People,https://www.careerjunction.co.za/companies/28875/the-recruitment-people,Cape Town,No,R Undisclosed,No,Permanent,,Senior,,13 Aug 2026,2026-08-13,in 26 days,Cen002896,,0,No,https://www.careerjunction.co.za/accountant-job-2643773.aspx,Jobs in western cape,2026-08-16,,,
CJ-0306,CareerJunction,2643776,Systems Engineer (Microsoft 365 / Azure / Windows Server) - Pinelands / S/Suburbs - Onsite,Datafin,https://www.careerjunction.co.za/companies/22742/datafin,Claremont,No,Undisclosed,No,Permanent,,Intermediate,,13 Aug 2026,2026-08-13,in 31 days,,,0,No,https://www.careerjunction.co.za/systems-engineer-microsoft-365-azure-windows-server-pinelands-s-suburbs-onsite-job-2643776.aspx,Jobs in western cape,2026-08-16,,,
CJ-0307,CareerJunction,2643778,Pattern Maker,Stratogo,https://www.careerjunction.co.za/companies/24239/stratogo,Durban (Durban CBD),No,R Undisclosed,No,Permanent,,Junior,,13 Aug 2026,2026-08-13,in 31 days,HQ001311,,0,No,https://www.careerjunction.co.za/pattern-maker-job-2643778.aspx,Jobs in kwazulu-natal,2026-08-16,,,
CJ-0308,CareerJunction,2643780,Project Coordinator at Datonomy Solutions,Datonomy Solutions (Cape Town),https://www.careerjunction.co.za/companies/31023/datonomy-solutions-cape-town,Cape Town,No,"R35,000 - R45,000 per month",Yes,Contract,,Junior,,13 Aug 2026,2026-08-13,in 25 days,861,,0,No,https://www.careerjunction.co.za/project-coordinator-at-datonomy-solutions-job-2643780.aspx,Jobs in western cape,2026-08-16,,,
CJ-0309,CareerJunction,2643782,Sales and Distribution Representative,Enigma and Mass Personnel (Pty) LTD,https://www.careerjunction.co.za/companies/37443/enigma-and-mass-personnel-pty-ltd,Durban (Durban CBD),No,Undisclosed,No,Permanent,,Intermediate,,13 Aug 2026,2026-08-13,in 31 days,SDRepKZN123,,0,No,https://www.careerjunction.co.za/sales-and-distribution-representative-job-2643782.aspx,Jobs in kwazulu-natal,2026-08-16,,,
CJ-0310,CareerJunction,2643785,Maintenance Supervisor,Enigma and Mass Personnel (Pty) LTD,https://www.careerjunction.co.za/companies/37443/enigma-and-mass-personnel-pty-ltd,Isithebe,No,Undisclosed,No,Permanent,,Senior,,13 Aug 2026,2026-08-13,in 31 days,MS123,,0,No,https://www.careerjunction.co.za/maintenance-supervisor-job-2643785.aspx,Jobs in kwazulu-natal,2026-08-16,,,
CJ-0311,CareerJunction,2643788,"Senior Regulatory, Legal & Compliance Manager - Smartphones (CH1271)",Capital H Staffing,https://www.careerjunction.co.za/companies/30732/capital-h-staffing,De Waterkant,No,R Undisclosed,No,Permanent,,Senior,,13 Aug 2026,2026-08-13,in 31 days,b4148004-9de2-4,,0,No,https://www.careerjunction.co.za/senior-regulatory-legal-%26amp-compliance-manager-smartphones-ch1271-job-2643788.aspx,Jobs in western cape,2026-08-16,,,
CJ-0312,CareerJunction,2643791,Account Manager (Enterprise Complex Solutions (Multi-vendor)) (CPT),Datafin,https://www.careerjunction.co.za/companies/22742/datafin,Cape Town,No,R Undisclosed,No,Permanent,,Management,,13 Aug 2026,2026-08-13,in 25 days,2608210,,0,No,https://www.careerjunction.co.za/account-manager-enterprise-complex-solutions-multi-vendor-cpt-job-2643791.aspx,Jobs in western cape,2026-08-16,,,
CJ-0313,CareerJunction,2643792,Senior Network Engineer (KZN),Datafin,https://www.careerjunction.co.za/companies/22742/datafin,KwaZulu-Natal,No,R Undisclosed,No,Permanent,,Senior,,13 Aug 2026,2026-08-13,in 25 days,2608209,,0,No,https://www.careerjunction.co.za/senior-network-engineer-kzn-job-2643792.aspx,Jobs in kwazulu-natal,2026-08-16,,,
CJ-0314,CareerJunction,2643793,Finance Manager - Cape Town,Datafin,https://www.careerjunction.co.za/companies/22742/datafin,Cape Town,No,R Undisclosed,No,Permanent,,Intermediate,,13 Aug 2026,2026-08-13,in 25 days,2607202,,0,No,https://www.careerjunction.co.za/finance-manager-cape-town-job-2643793.aspx,Jobs in western cape,2026-08-16,,,
CJ-0315,CareerJunction,2643796,In-house Operations Assistant,Stratogo,https://www.careerjunction.co.za/companies/24239/stratogo,Cape Town,No,"R8,000 per month",Yes,Temporary,,Intermediate,,14 Aug 2026,2026-08-14,in 27 days,CT000181,,0,No,https://www.careerjunction.co.za/in-house-operations-assistant-job-2643796.aspx,Jobs in western cape,2026-08-16,,,
CJ-0316,CareerJunction,2643798,Curriculum Development and Management Administrator at Mancosa,MANCOSA,https://www.careerjunction.co.za/companies/35317/mancosa,Durban (Durban CBD),No,R Undisclosed,No,Permanent,,Intermediate,,14 Aug 2026,2026-08-14,in 28 days,MA_4250352,,0,No,https://www.careerjunction.co.za/curriculum-development-and-management-administrator-at-mancosa-job-2643798.aspx,Jobs in kwazulu-natal,2026-08-16,,,
CJ-0317,CareerJunction,2643801,Technical Lead Engineer - Automotive,Fempower Personnel,https://www.careerjunction.co.za/companies/23738/fempower-personnel,Durban,No,"R35,000 - R45,000 per month",Yes,Permanent,,Senior,,14 Aug 2026,2026-08-14,in 32 days,a9a5155d-de9b-4,,0,No,https://www.careerjunction.co.za/technical-lead-engineer-automotive-job-2643801.aspx,Jobs in kwazulu-natal,2026-08-16,,,
CJ-0318,CareerJunction,2643802,Senior Database Engineer / Specialist at Sabenza IT & Recruitment,DCV Sabenza IT and Recruitment,https://www.careerjunction.co.za/companies/32616/dcv-sabenza-it-and-recruitment,Cape Town,No,R Undisclosed,No,Contract,,Specialist,,14 Aug 2026,2026-08-14,in 28 days,878000023051010,,0,No,https://www.careerjunction.co.za/senior-database-engineer-specialist-at-sabenza-it-%26-recruitment-job-2643802.aspx,Jobs in western cape,2026-08-16,,,
CJ-0319,CareerJunction,2643805,Infection Prevention Specialist at MSP,MSP Staffing,https://www.careerjunction.co.za/companies/28434/msp-staffing,Durban (Durban CBD),No,Undisclosed,No,Permanent,,Senior,,14 Aug 2026,2026-08-14,in 32 days,,,0,No,https://www.careerjunction.co.za/infection-prevention-specialist-at-msp-job-2643805.aspx,Jobs in kwazulu-natal,2026-08-16,,,
CJ-0320,CareerJunction,2643806,Deputy Nursing Manager,MSP Staffing,https://www.careerjunction.co.za/companies/28434/msp-staffing,Durban (Durban CBD),No,Undisclosed,No,Permanent,,Senior,,14 Aug 2026,2026-08-14,in 32 days,,,0,No,https://www.careerjunction.co.za/deputy-nursing-manager-job-2643806.aspx,Jobs in kwazulu-natal,2026-08-16,,,
CJ-0321,CareerJunction,2643808,Senior Bookkeeper,The Recruitment Pig,https://www.careerjunction.co.za/companies/37518/the-recruitment-pig,Cape Town,No,"R28,000 - R38,000 per month",Yes,Permanent,,Intermediate,,14 Aug 2026,2026-08-14,in 27 days,JHB000245,,0,No,https://www.careerjunction.co.za/senior-bookkeeper-job-2643808.aspx,Jobs in western cape,2026-08-16,,,
CJ-0322,CareerJunction,2643811,Food Scientist / Technologist,Zeal HR,https://www.careerjunction.co.za/companies/37578/zeal-hr,Malmesbury,No,Undisclosed,No,Permanent,,Intermediate,,14 Aug 2026,2026-08-14,in 32 days,62410,,0,No,https://www.careerjunction.co.za/food-scientist-technologist-job-2643811.aspx,Jobs in western cape,2026-08-16,,,
CJ-0323,CareerJunction,2643816,Unit Manager High Care,MSP Staffing,https://www.careerjunction.co.za/companies/28434/msp-staffing,Durban (Durban CBD),No,Undisclosed,No,Permanent,,Senior,,14 Aug 2026,2026-08-14,in 32 days,,,0,No,https://www.careerjunction.co.za/unit-manager-high-care-job-2643816.aspx,Jobs in kwazulu-natal,2026-08-16,,,
CJ-0324,CareerJunction,2643820,Clinical Facilitator,MSP Staffing,https://www.careerjunction.co.za/companies/28434/msp-staffing,Durban (Durban CBD),No,Undisclosed,No,Permanent,,Senior,,14 Aug 2026,2026-08-14,in 32 days,,,0,No,https://www.careerjunction.co.za/clinical-facilitator-job-2643820.aspx,Jobs in kwazulu-natal,2026-08-16,,,
CJ-0325,CareerJunction,2643824,Senior Audit Manager,MSP Staffing,https://www.careerjunction.co.za/companies/28434/msp-staffing,Umhlanga,No,Undisclosed,No,Permanent,,Senior,,14 Aug 2026,2026-08-14,in 32 days,,,0,No,https://www.careerjunction.co.za/senior-audit-manager-job-2643824.aspx,Jobs in kwazulu-natal,2026-08-16,,,
CJ-0326,CareerJunction,2643825,Asset Manager (Commercial Property),MSP Staffing,https://www.careerjunction.co.za/companies/28434/msp-staffing,Cape Town CBD,No,Undisclosed,No,Permanent,,Senior,,14 Aug 2026,2026-08-14,in 32 days,,,0,No,https://www.careerjunction.co.za/asset-manager-commercial-property-job-2643825.aspx,Jobs in western cape,2026-08-16,,,
CJ-0327,CareerJunction,2643830,IT Systems Engineer,The Talent Experts,https://www.careerjunction.co.za/companies/32956/the-talent-experts,Pinelands,No,Undisclosed,No,Permanent,,Senior,,14 Aug 2026,2026-08-14,in 32 days,JE,,0,No,https://www.careerjunction.co.za/it-systems-engineer-job-2643830.aspx,Jobs in western cape,2026-08-16,,,
CJ-0328,CareerJunction,2643831,ICU Clinical Facilitator,MSP Staffing,https://www.careerjunction.co.za/companies/28434/msp-staffing,Durban (Durban CBD),No,Undisclosed,No,Permanent,,Senior,,14 Aug 2026,2026-08-14,in 32 days,,,0,No,https://www.careerjunction.co.za/icu-clinical-facilitator-job-2643831.aspx,Jobs in kwazulu-natal,2026-08-16,,,
CJ-0329,CareerJunction,2643834,Technical External Sales Representative - DBN,Fusion Personnel,https://www.careerjunction.co.za/companies/37564/fusion-personnel,Durban (Durban CBD),No,R20 - R24 per month,Yes,Permanent,,Intermediate,,14 Aug 2026,2026-08-14,in 27 days,JHB006274,,0,No,https://www.careerjunction.co.za/technical-external-sales-representative-dbn-job-2643834.aspx,Jobs in kwazulu-natal,2026-08-16,,,
CJ-0330,CareerJunction,2643838,Junior-Mid Software Developer (C\#.Net),Datafin,https://www.careerjunction.co.za/companies/22742/datafin,Cape Town,No,R Undisclosed,No,Permanent,,Executive,,14 Aug 2026,2026-08-14,in 26 days,2606410,,0,No,https://www.careerjunction.co.za/junior-mid-software-developer-c%23net-job-2643838.aspx,Jobs in western cape,2026-08-16,,,
CJ-0331,CareerJunction,2643840,Clinical Training Specialist at MSP,MSP Staffing,https://www.careerjunction.co.za/companies/28434/msp-staffing,Cape Town CBD,No,Undisclosed,No,Permanent,,Senior,,14 Aug 2026,2026-08-14,in 32 days,,,0,No,https://www.careerjunction.co.za/clinical-training-specialist-at-msp-job-2643840.aspx,Jobs in western cape,2026-08-16,,,
CJ-0332,CareerJunction,2643841,Clinical Training Specialist Theatre Qualified or Experienced,MSP Staffing,https://www.careerjunction.co.za/companies/28434/msp-staffing,Cape Town CBD,No,Undisclosed,No,Permanent,,Senior,,14 Aug 2026,2026-08-14,in 32 days,,,0,No,https://www.careerjunction.co.za/clinical-training-specialist-theatre-qualified-or-experienced-job-2643841.aspx,Jobs in western cape,2026-08-16,,,
CJ-0333,CareerJunction,2643842,Supply Chain Manager / Logistics Coordinator,Zeal HR,https://www.careerjunction.co.za/companies/37578/zeal-hr,Malmesbury,No,Undisclosed,No,Permanent,,Junior,,14 Aug 2026,2026-08-14,in 32 days,62443,,0,No,https://www.careerjunction.co.za/supply-chain-manager-logistics-coordinator-job-2643842.aspx,Jobs in western cape,2026-08-16,,,
CJ-0334,CareerJunction,2643843,"Junior Data Engineer (SQL, SSIS, QlikView, Power BI) (CPT Remote)",Datafin,https://www.careerjunction.co.za/companies/22742/datafin,Cape Town,No,R Undisclosed,No,Permanent,,Junior,,14 Aug 2026,2026-08-14,in 26 days,2608206,,0,No,https://www.careerjunction.co.za/junior-data-engineer-sql-ssis-qlikview-power-bi-cpt-remote-job-2643843.aspx,Jobs in western cape,2026-08-16,,,
CJ-0335,CareerJunction,2643844,Bookkeeper,Intellistaff Outsourced Services,https://www.careerjunction.co.za/companies/33712/intellistaff-outsourced-services,Stellenbosch,No,R Undisclosed,No,Permanent,,Junior,,14 Aug 2026,2026-08-14,in 27 days,JHB003878,,0,No,https://www.careerjunction.co.za/bookkeeper-job-2643844.aspx,Jobs in western cape,2026-08-16,,,
CJ-0336,CareerJunction,2643845,Financial Manager,Zeal HR,https://www.careerjunction.co.za/companies/37578/zeal-hr,Malmesbury,No,Undisclosed,No,Permanent,,Intermediate,,14 Aug 2026,2026-08-14,in 32 days,62476,,0,No,https://www.careerjunction.co.za/financial-manager-job-2643845.aspx,Jobs in western cape,2026-08-16,,,
CJ-0337,CareerJunction,2643848,Registered Nurse Theatre Qualified with Education,MSP Staffing,https://www.careerjunction.co.za/companies/28434/msp-staffing,Cape Town CBD,No,Undisclosed,No,Permanent,,Senior,,14 Aug 2026,2026-08-14,in 32 days,,,0,No,https://www.careerjunction.co.za/registered-nurse-theatre-qualified-with-education-job-2643848.aspx,Jobs in western cape,2026-08-16,,,
CJ-0338,CareerJunction,2643849,PHP Developer,MSP Staffing,https://www.careerjunction.co.za/companies/28434/msp-staffing,Cape Town CBD,No,Undisclosed,No,Permanent,,Senior,,14 Aug 2026,2026-08-14,in 32 days,,,0,No,https://www.careerjunction.co.za/php-developer-job-2643849.aspx,Jobs in western cape,2026-08-16,,,
CJ-0339,CareerJunction,2643852,Machine Learning Engineer (Intermediate / Senior) - Remote South Africa,MSP Staffing,https://www.careerjunction.co.za/companies/28434/msp-staffing,Cape Town CBD,No,"R75,000 per month",Yes,Permanent,,Senior,,14 Aug 2026,2026-08-14,in 32 days,,,0,No,https://www.careerjunction.co.za/machine-learning-engineer-intermediate-senior-remote-south-africa-job-2643852.aspx,Jobs in western cape,2026-08-16,,,
CJ-0340,CareerJunction,2643864,Mechatronics Engineer,Kwena Human Capital,https://www.careerjunction.co.za/companies/26080/kwena-human-capital,New Germany,No,Undisclosed,No,Permanent,,Intermediate,,14 Aug 2026,2026-08-14,in 32 days,,,0,No,https://www.careerjunction.co.za/mechatronics-engineer-job-2643864.aspx,Jobs in kwazulu-natal,2026-08-16,,,
CJ-0341,CareerJunction,2643875,Business Development Manager,AJ Personnel,https://www.careerjunction.co.za/companies/23629/aj-personnel,Primrose,No,R Undisclosed,No,Permanent,,Intermediate,,15 Aug 2026,2026-08-15,in 27 days,JHB004001,,0,No,https://www.careerjunction.co.za/business-development-manager-job-2643875.aspx,All Jobs in All Locations,2026-08-16,,,
CJ-0342,CareerJunction,2643876,External Sales Engineer,AJ Personnel,https://www.careerjunction.co.za/companies/23629/aj-personnel,Primrose,No,R Undisclosed,No,Permanent,,Intermediate,,15 Aug 2026,2026-08-15,in 27 days,JHB004002,,0,No,https://www.careerjunction.co.za/external-sales-engineer-job-2643876.aspx,All Jobs in All Locations,2026-08-16,,,
CJ-0343,CareerJunction,2643878,External Sales Representative (Boksburg),The Recruitment Pig,https://www.careerjunction.co.za/companies/37518/the-recruitment-pig,Johannesburg,No,"R20,000 - R80,000 per month",Yes,Permanent,,Intermediate,,15 Aug 2026,2026-08-15,in 28 days,JHB000197,,0,No,https://www.careerjunction.co.za/external-sales-representative-boksburg-job-2643878.aspx,All Jobs in All Locations,2026-08-16,,,
CJ-0344,CareerJunction,2643879,External Sales Representative (Durban),The Recruitment Pig,https://www.careerjunction.co.za/companies/37518/the-recruitment-pig,Durban (Durban CBD),No,"R20,000 - R80,000 per month",Yes,Permanent,,Intermediate,,15 Aug 2026,2026-08-15,in 28 days,JHB000198,,0,No,https://www.careerjunction.co.za/external-sales-representative-durban-job-2643879.aspx,Jobs in kwazulu-natal,2026-08-16,,,
CJ-0345,CareerJunction,2643880,Internal Technical Sales (Boksburg),The Recruitment Pig,https://www.careerjunction.co.za/companies/37518/the-recruitment-pig,Primrose,No,"R15,000 - R20,000 per month",Yes,Permanent,,Intermediate,,15 Aug 2026,2026-08-15,in 28 days,JHB000199,,0,No,https://www.careerjunction.co.za/internal-technical-sales-boksburg-job-2643880.aspx,All Jobs in All Locations,2026-08-16,,,
CJ-0346,CareerJunction,2643881,Sales Manager (Health & Safety),Dynexity,https://www.careerjunction.co.za/companies/35455/dynexity,South Africa,No,"R40,000 - R60,000 per month",Yes,Permanent,,Senior,,16 Aug 2026,2026-08-16,in 29 days,JHB003905,,0,No,https://www.careerjunction.co.za/sales-manager-health-%26amp-safety-job-2643881.aspx,All Jobs in All Locations; CareerJunction - all jobs,2026-08-16,,,
CJ-0347,CareerJunction,2643882,"Sales Manager (B2B Services | Mining, Construction & Petrochemical)",Dynexity,https://www.careerjunction.co.za/companies/35455/dynexity,South Africa,No,"R40,000 - R60,000 per month",Yes,Permanent,,Senior,,16 Aug 2026,2026-08-16,in 29 days,JHB003906,,0,No,https://www.careerjunction.co.za/sales-manager-b2b-services-mining-construction-%26amp-petrochemical-job-2643882.aspx,All Jobs in All Locations; CareerJunction - all jobs,2026-08-16,,,
CJ-0348,CareerJunction,2643883,"Senior Support Consultant (SharePoint Online, Microsoft 365 & Power Automate) (CPT Hybrid)",Datafin,https://www.careerjunction.co.za/companies/22742/datafin,Bellville,No,R Undisclosed,No,Learnership,,,,16 Aug 2026,2026-08-16,in 28 days,2606206,,0,No,https://www.careerjunction.co.za/senior-support-consultant-sharepoint-online-microsoft-365-%26amp-power-automate-cpt-hybrid-job-2643883.aspx,All Jobs in All Locations; Jobs in western cape; CareerJunction - all jobs,2026-08-16,,,
CJ-0349,CareerJunction,2643884,"Business Development Representative (B2B Services | Mining, Construction & Petrochemical)",Dynexity,https://www.careerjunction.co.za/companies/35455/dynexity,South Africa,No,"R20,000 - R30,000 per month",Yes,Permanent,,Intermediate,,16 Aug 2026,2026-08-16,in 29 days,JHB003907,,0,No,https://www.careerjunction.co.za/business-development-representative-b2b-services-mining-construction-%26amp-petrochemical-job-2643884.aspx,All Jobs in All Locations; CareerJunction - all jobs,2026-08-16,,,
CJ-0350,CareerJunction,2643885,"Business Development Manager (B2B Services | Mining, Construction & Petrochemical)",Dynexity,https://www.careerjunction.co.za/companies/35455/dynexity,South Africa,No,"R30,000 - R40,000 per month",Yes,Permanent,,Senior,,16 Aug 2026,2026-08-16,in 29 days,JHB003908,,0,No,https://www.careerjunction.co.za/business-development-manager-b2b-services-mining-construction-%26amp-petrochemical-job-2643885.aspx,All Jobs in All Locations; CareerJunction - all jobs,2026-08-16,,,
CJ-0351,CareerJunction,,Millwright,Stratogo,,Gqeberha,No,Not stated,No,,,,,,,,,"Maintenance and repair of extrusion lines and PLC-controlled machinery in a plastics plant. Requirements: Red Seal Millwright, 5 years industrial maintenance experience.",169,Yes,,Jobs in gauteng,2026-08-16,job page (summarised),,
CJ-0352,CareerJunction,,Logistics Manager,MSP Staffing,,Johannesburg,No,R Undisclosed,No,,,,,,,,,A leader in Automotive/Industrial Manufacturing seeking a manager for industrial logistics. Requires a degree in Logistics/Supply Chain and 5 years managerial experience.,170,Yes,,Jobs in gauteng,2026-08-16,job page (summarised),,
CJ-0353,CareerJunction,,Strategic Account Manager - Telecoms,Kelly,,Centurion,No,R Undisclosed,No,,,,,,,,,"Driving strategic growth with major telecoms accounts and mobile operators. 10+ years industry experience required, with 5 years in sales/account management.",157,Yes,,Jobs in gauteng,2026-08-16,job page (summarised),,
CJ-0354,CareerJunction,,IT Manager,Sinakho Staffshop (Pty) Ltd,,Erasmuskloof,No,"R30,000 - R40,000 per month",Yes,,,,,,,,,Infrastructure and technical team management. Ref: 24640.,57,Yes,,Jobs in gauteng,2026-08-16,job page (summarised),,
CJ-0355,CareerJunction,,Workshop Manager,Watershed Consulting,,Boksburg East,No,"R55,000 - R60,000 per month",Yes,,,,,,,,,Manufacturing workshop oversight and staff management.,54,Yes,,Jobs in gauteng,2026-08-16,job page (summarised),,
PN-0356,PNet,4211920,"Senior Support Consultant (SharePoint Online, Microsoft 365 & Power Automate) (CPT Hybrid)",Datafin IT Recruitment,,Bellville,,Market related,Yes,Permanent,Full Time,,,11 hours ago,2026-08-15,,,"DataFin was established in 1999. We pride ourselves on the fact that we have established relationships with industry leaders and a vast majority of our business is repeat business. Duties & Responsibilities - A provider of Tailored Management Software Solutions seeks a Senior Support Consultant who will serve as a technical authority and trusted to customers and internal teams. You will be responsible for resolving complex issues, driving customer outcomes, influencing product improvements, and elevating the capability of the support function. While remaining hands-on, the Senior Support Consultant operates with high autonomy, handles escalations, and contributes strategically to retention, quality, and continuous improvement. The ideal candidate will need a suitable tertiary qualification or equivalent industry ...",827,Yes,https://www.pnet.co.za/jobs--Senior-Support-Consultant-SharePoint-Online-Microsoft-365-Power-Automate-CPT-Hybrid-Bellville-Datafin-IT-Recruitment--4211920-inline.html,"PNet - last week, all jobs",2026-08-16,results page (PNet),,
PN-0357,PNet,4253125,OM Bank - Senior Quality Assurance Automation Engineer- Credit,Old Mutual,,Johannesburg,,,No,Permanent,Full Time,,,10 hours ago,2026-08-15,,,"Let's Write Africa's Story Together! Old Mutual is a firm believer in the African opportunity and our diverse talent reflects this. Job Description - As a Quality Assurance Automation Engineer - Credit, you will play a pivotal role in assuring the quality, performance, and integrity of OM Bank's credit platforms and decisioning systems. You will design, implement, and execute automated test solutions for APIs, UI components, and credit workflows - ensuring accuracy, compliance, and seamless integration with external credit bureaus such as TransUnion and Experian. This role requires strong technical automation skills, in-depth understanding of credit lifecycle processes, and the ability to collaborate across agile teams to deliver high-quality, reliable financial solutions. Test Design & Execution",807,Yes,https://www.pnet.co.za/jobs--OM-Bank-Senior-Quality-Assurance-Automation-Engineer-Credit-Johannesburg-Old-Mutual--4253125-inline.html,"PNet - last week, all jobs",2026-08-16,results page (PNet),,
PN-0358,PNet,4253126,Software Engineer,Old Mutual,,Pinelands,,,No,Permanent,Full Time,,,7 hours ago,2026-08-15,,,"Let's Write Africa's Story Together! Old Mutual is a firm believer in the African opportunity and our diverse talent reflects this. Job Description - Old Mutual Corporate IT is seeking a highly motivated Software Engineer to design, build, implement, and support scalable software solutions that enable business growth, operational excellence, and exceptional customer experience. The successful candidate will work within agile engineering teams to develop high-quality software solutions, contribute to technical design, and support continuous improvement across the software development lifecycle. Key Responsibilities - Software Development * Design, develop, test, deploy, and maintain software applications and services. * Translate business and technical requirements into secure, scalable, and maintainable solutions.",825,Yes,https://www.pnet.co.za/jobs--Software-Engineer-Pinelands-Old-Mutual--4253126-inline.html,"PNet - last week, all jobs",2026-08-16,results page (PNet),,
PN-0359,PNet,4253127,Data Scientist,Old Mutual,,Johannesburg,,,No,Permanent,Full Time,,,9 hours ago,2026-08-15,,,"Let's Write Africa's Story Together! Old Mutual is a firm believer in the African opportunity and our diverse talent reflects this. Job Description - Are you passionate about using data to fundamentally rethink how insurance works? Are you energized by the idea of designing the future model of insurance-one that's fast, fair, predictive, and personal? At Old Mutual Insure, we're building exactly that. We are hiring across generative AI, AI engineering, machine learning engineering and data science. Whether you build LLM-powered applications, productionise ML systems, or model risk and customer behaviour, you will play a critical role in turning data and AI into action. Our core work today is generative AI and applied ML engineering - building, deploying and running intelligent systems in production - supported by a deep data ...",840,Yes,https://www.pnet.co.za/jobs--Data-Scientist-Johannesburg-Old-Mutual--4253127-inline.html,"PNet - last week, all jobs",2026-08-16,results page (PNet),,
PN-0360,PNet,4253128,Data Scientist: AI Engineer,Old Mutual,,Johannesburg,,,No,Permanent,Full Time,,,5 hours ago,2026-08-15,,,"Let's Write Africa's Story Together! Old Mutual is a firm believer in the African opportunity and our diverse talent reflects this. Job Description - We are looking for a Machine Learning Engineer to design, build, deploy, and maintain scalable ML systems that move models from experimentation into reliable production environments. This role sits at the intersection of software engineering, data engineering, and machine learning. Key Responsibilities * Build and maintain scalable ML pipelines and production inference systems * Deploy, monitor, and optimize machine learning models in production * Design APIs and services for ML model consumption * Implement CI/CD for ML workflows and MLOps best practices * Develop feature stores, registries, and automated retraining workflows",784,Yes,https://www.pnet.co.za/jobs--Data-Scientist-AI-Engineer-Johannesburg-Old-Mutual--4253128-inline.html,"PNet - last week, all jobs",2026-08-16,results page (PNet),,
PN-0361,PNet,4253129,Group Senior Organisation Design Specialist,Old Mutual,,Johannesburg,,,No,,,,,4 hours ago,2026-08-15,,,"Let's Write Africa's Story Together! Old Mutual is a firm believer in the African opportunity and our diverse talent reflects this. Job Description - Key Result Areas / Outputs * Lead organizational diagnostics to assess current-state structures, layers, spans of control, role accountabilities, decision rights, interfaces, duplication and organizational complexity. * Translate business strategy, operating requirements and organizational challenges into clearly defined organizational design requirements. * Develop current-state and future-state organization design options and recommendations, supported by appropriate analysis and design rationale. * Apply Group organizational design principles and standards consistently across assignments. * Assess the organizational impacts of business transformation, operating model changes, technology enablement and ...",867,Yes,https://www.pnet.co.za/jobs--Group-Senior-Organisation-Design-Specialist-Johannesburg-Old-Mutual--4253129-inline.html,"PNet - last week, all jobs",2026-08-16,results page (PNet),,
PN-0362,PNet,4253130,Talent Experience & Insights Specialist,Old Mutual,,Pinelands,,,No,Permanent,Full Time,,,5 hours ago,2026-08-15,,,"Let's Write Africa's Story Together! Old Mutual is a firm believer in the African opportunity and our diverse talent reflects this. Job Description - An exciting opportunity exists for a Talent Experience & Insights Specialist to drive Talent Acquisition excellence through the optimisation of recruitment processes, technology, governance, capability frameworks, analytics and stakeholder experience. The role is responsible for enhancing the end-to-end Talent Acquisition journey by leveraging data-driven insights, improving recruitment technologies and processes, fostering stakeholder capability, and embedding consistent recruitment standards across the organisation. Working closely with People & Culture teams, , technology partners and external service providers, the incumbent will support the design and implementation of scalable ...",845,Yes,https://www.pnet.co.za/jobs--Talent-Experience-Insights-Specialist-Pinelands-Old-Mutual--4253130-inline.html,"PNet - last week, all jobs",2026-08-16,results page (PNet),,
PN-0363,PNet,4253131,Intermediate Actuarial Specialist,Old Mutual,,Johannesburg,,,No,Permanent,Full Time,,,9 hours ago,2026-08-15,,,"Let's Write Africa's Story Together! Old Mutual is a firm believer in the African opportunity and our diverse talent reflects this. Job Description - Key Result Areas / Outputs - Forms part of a high-performing team to prepare and review results, including soundness of reserves, capital and other metrics and ensure the reporting is produced with appropriate supporting analysis and commentary. Extract insights and understand the drivers of key financial metrics for business consideration. Produce information for monthly reporting and forecasting and ongoing monitoring of the financial impacts of the business strategy. Effectively collaborate with business and other specialized areas such as Accounting, Product Development and Balance Sheet Management. Ensure processes and models are efficient, robust and fit for purpose.",831,Yes,https://www.pnet.co.za/jobs--Intermediate-Actuarial-Specialist-Johannesburg-Old-Mutual--4253131-inline.html,"PNet - last week, all jobs",2026-08-16,results page (PNet),,
PN-0364,PNet,4253132,Corporate Investment Solutions: Linked Product Manager,Old Mutual,,Pinelands,,,No,Permanent,Full Time,,,6 hours ago,2026-08-15,,,"Let's Write Africa's Story Together! Old Mutual is a firm believer in the African opportunity and our diverse talent reflects this. Job Description - To own and steward Corporate market-linked investment solutions, with end-to-end accountability for product management, technical marketing, development, investment alignment, governance, and commercial performance. The role is accountable for scaling commercially sustainable market-linked solutions, supporting growth and retention, driving margin optimisation, and ensuring products remain competitive, well-governed, profitable, and aligned to client outcomes. Role context - This role sits within Old Mutual Corporate Investment Solutions as the Linked Product Manager (Role Size O), a revenue-generating product leadership role focused on market-linked solutions.",819,Yes,https://www.pnet.co.za/jobs--Corporate-Investment-Solutions-Linked-Product-Manager-Pinelands-Old-Mutual--4253132-inline.html,"PNet - last week, all jobs",2026-08-16,results page (PNet),,
PN-0365,PNet,4253133,Business Account Manager (BAM) - Old Mutual Independent Distribution (OMiD): Sandton,Old Mutual,,Johannesburg,,,No,Permanent,Full Time,,,11 hours ago,2026-08-15,,,"Let's Write Africa's Story Together! Old Mutual is a firm believer in the African opportunity and our diverse talent reflects this. Job Description - Build your business. Backed by a powerhouse. Let's be clear upfront- this is not a salaried comfort-zone role. This is for individuals who are driven to build, grow, and earn based on performance-with the backing of one of the most established names in financial services: Old Mutual. The Opportunity - As a Business Account Manager, you'll operate like a business owner within a business. • Build and grow your own portfolio of independent financial advisers • Drive production through strong broker partnerships • Influence where advisers place their business-and grow your share of wallet - This is a high-reward environment for individuals who back themselves. What You'll Be Doing",835,Yes,https://www.pnet.co.za/jobs--Business-Account-Manager-BAM-Old-Mutual-Independent-Distribution-OMiD-Sandton-Johannesburg-Old-Mutual--4253133-inline.html,"PNet - last week, all jobs",2026-08-16,results page (PNet),,
PN-0366,PNet,4253134,Manager: External Communications,Old Mutual,,Johannesburg,,,No,Permanent,Full Time,,,10 hours ago,2026-08-15,,,Let's Write Africa's Story Together! Old Mutual is a firm believer in the African opportunity and our diverse talent reflects this. Job Description - The role is responsible for executing external communications plans and providing strategic advisory counsel to strengthen Old Mutual's reputation and engagement with external stakeholders. Key Result Areas - Strategic Communication and Reputation Management * Develop and implement the annual Group External Communications plan for thought leadership to drive consistent earned media visibility throughout the year. * Shape proactive media positioning that reinforces Old Mutual's Value Creation Story and supports positive evaluation of its financial performance and growth strategy. * Drive advocacy that strengthens Old Mutual's reputation and share of voice by refining the network of ...,843,Yes,https://www.pnet.co.za/jobs--Manager-External-Communications-Johannesburg-Old-Mutual--4253134-inline.html,"PNet - last week, all jobs",2026-08-16,results page (PNet),,
PN-0367,PNet,4253135,Architectural Technologist - Compliance,Old Mutual,,Pinelands,,,No,Permanent,Full Time,,,12 hours ago,2026-08-15,,,"Let's Write Africa's Story Together! Old Mutual is a firm believer in the African opportunity and our diverse talent reflects this. Job Description - We are seeking a highly organised, detail-oriented, and proactive professional to join our team, primarily focused on design compliance, council submissions, and regulatory coordination. This role plays a critical part in ensuring that all architectural deliverables are accurately documented, compliant with statutory requirements, and efficiently submitted and tracked through relevant authorities. The successful candidate will work closely with internal and external , requiring strong administrative discipline, excellent record-keeping abilities, and clear, consistent communication to ensure projects are delivered in line with business objectives, regulatory frameworks, and brand ...",842,Yes,https://www.pnet.co.za/jobs--Architectural-Technologist-Compliance-Pinelands-Old-Mutual--4253135-inline.html,"PNet - last week, all jobs",2026-08-16,results page (PNet),,
PN-0368,PNet,4253136,MARKETING MANAGER B2B Products | Commercial & Channel Marketing,Laura Deats Appointments,,Sandton East,,,No,Permanent,Full Time,,EE/AA,1 hour ago,2026-08-15,,,"An established international manufacturer and supplier of products and solutions is seeking an experienced Marketing Manager to lead its marketing function and support continued growth across its customer and distribution channels. This opportunity requires a relevant Marketing, Business or Commercial qualification, together with solid Marketing Management experience gained within a B2B product environment, ideally within the electrical, industrial, manufacturing, automotive or related sectors. Experience marketing products through distributors, wholesalers, dealers or other B2B channels is essential. This is a commercially focused, customer-facing marketing role, requiring an individual who is comfortable working closely with customers, the market and sales teams.",775,Yes,https://www.pnet.co.za/jobs--MARKETING-MANAGER-B2B-Products-Commercial-Channel-Marketing-Sandton-East-Laura-Deats-Appointments--4253136-inline.html,"PNet - last week, all jobs",2026-08-16,results page (PNet),,
PN-0369,PNet,4253137,HR & PAYROLL ADMINISTRATOR MIDRAND SAGE 300 ESSENTIAL R20K - R25K,Internet Concepts,,Midrand,,R20k - R25k,Yes,Permanent,Full Time,,Non EE/AA,1 hour ago,2026-08-15,,,"FAST PACED deadline driven position exceptional accuracy, strong administrative skills manage high volumes 230 - 250 EMPLOYEES writing and feating training material assisting with training at store level experience using Chat GPT CONTRACTS, EMPLOYEE RECORDS, performance appraisals and disciplinary procedures - Duties & Responsibilities - 3 years in an HR OR PAYROLL ENVIRONMENT - SAGE 300 IS ESSENTIAL AND NON NEGOTIABLE - Desired Experience & Qualification - At least 3 years experience in an HR OR PAYROLL ENVIRONMENT - Proven experience using SAGE 300 is essential and non negotiable - Exprience with time and attendance cystems CS Time/ECO Time exp will b advantageous - Proficiency Microsoft Excel Word and Outlook - Strong written and verbal communication skills",770,Yes,https://www.pnet.co.za/jobs--HR-PAYROLL-ADMINISTRATOR-MIDRAND-SAGE-300-ESSENTIAL-R20K-R25K-Midrand-Internet-Concepts--4253137-inline.html,"PNet - last week, all jobs",2026-08-16,results page (PNet),,
PN-0370,PNet,4253138,HPE Lecturer - Health Sciences Dean's Office - Faculty of Health Sciences,University of Pretoria,,Pretoria,,,No,,Full Time,,,12 hours ago,2026-08-15,,,"UP Posting - Academic - HEALTH SCIENCES DEAN'S OFFICE - POST LEVEL 8 - In pursuit of the ideals of excellence and diversity, the University of Pretoria wishes to invite applications for the following vacancy. The University of Pretoria's commitment to quality makes us one of the top research Universities in the country and gives us a competitive advantage in international science and technology development. * Assist in the development and implementation of interprofessional and transdisciplinary educational programs, curricula, and assessment strategies in accordance with the University's guidelines and standards. * Stay updated with current trends, best practices, and advancements in HPE, participating in relevant conferences, workshops, and professional development activities.",789,Yes,https://www.pnet.co.za/jobs--HPE-Lecturer-Health-Sciences-Deans-Office-Faculty-of-Health-Sciences-Pretoria-University-of-Pretoria--4253138-inline.html,"PNet - last week, all jobs",2026-08-16,results page (PNet),,
PN-0371,PNet,4253139,Senior Systems Analyst: Middleware (Integration Developer) - Department of Information Technology Services,University of Pretoria,,Pretoria,,,No,,Full Time,,,9 hours ago,2026-08-15,,,"UP Professional and Support - PEROMNES POST LEVEL 6 - In pursuit of the ideals of excellence and diversity, the University of Pretoria wishes to invite applications for the following vacancy. The University of Pretoria's commitment to quality makes us one of the top research Universities in the country and gives us a competitive advantage in international science and technology development. This position is responsible for managing and ensuring the design, development, documentation, implementation, support, and maintenance of system integration processes using middleware integration technologies to support the business requirement needs. To enable business processes optimisation within the university. This position is also responsible for human resources and risk management.",786,Yes,https://www.pnet.co.za/jobs--Senior-Systems-Analyst-Middleware-Integration-Developer-Department-of-Information-Technology-Services-Pretoria-University-of-Pretoria--4253139-inline.html,"PNet - last week, all jobs",2026-08-16,results page (PNet),,
PN-0372,PNet,4253140,Accounting Clerk,PY Placements,,"Morningside, Durban",,R12 000 - 15 000 p.m. depending on experience,Yes,Permanent,Full Time,,Non EE/AA,1 hour ago,2026-08-15,,,"Introduction Location: Morningside, Durban Desired Experience & Qualification * Tertiary qualification with Accounting as a major * 1 or more years' experience in an Accounting firm Package & Remuneration",204,Yes,https://www.pnet.co.za/jobs--Accounting-Clerk-Morningside-Durban-PY-Placements--4253140-inline.html,"PNet - last week, all jobs",2026-08-16,results page (PNet),,
PN-0373,PNet,4253141,Sales Representative,Adhoc Client,,Gauteng,,Market Related,Yes,,Full Time,,"EE/AA, Non EE/AA",1 hour ago,2026-08-15,,,"We are looking for a dynamic and results driven Sales Representative to join our growing team at TAT Enterprises in Gauteng. In addition to travel within Gauteng, the successful candidate will be required to travel extensively as part of the role, including travel to other provinces as operational requirements may require. About The Role - The Sales Representative will be responsible for promoting and selling plumbing fixtures (such as shower doors and bathroom cabinets) in their designated regions. This role involves extensive travel and requires a strong understanding of the industry. Candidate Requirements - 1. Minimum of 5 years' experience as a Sales Representative in the shower door and bathroom cabinet industries. 2. Strong product knowledge of shower door and bathroom cabinet products. 3.",807,Yes,https://www.pnet.co.za/jobs--Sales-Representative-Gauteng-Adhoc-Client--4253141-inline.html,"PNet - last week, all jobs",2026-08-16,results page (PNet),,
PN-0374,PNet,4253142,Cost Estimator / Draughtsman,Brands Unplugged cc,,Randburg,,R25 000 - R 35 000 CTC,Yes,Permanent,Full Time,,Non EE/AA,1 hour ago,2026-08-15,,,"A leading bespoke manufacturing and shopfitting company in Randburg, JHB, specialising in luxury retail environments for some of the world's most prestigious brands is looking for a highly organised, technically minded individual to join our team as a Cost Estimator & Procurement Officer. This is a critical role responsible for accurately interpreting technical drawings, compiling Bills of Materials (BOMs), preparing detailed project costings, and managing the procurement process from quotation through to supplier delivery. Duties & Responsibilities * Interpret technical drawings and production documentation. * Compile accurate Bills of Materials (BOMs) for each project. * Prepare detailed project cost estimates, including materials, labour, outsourced services and installation costs.",795,Yes,https://www.pnet.co.za/jobs--Cost-Estimator-Draughtsman-Randburg-Brands-Unplugged-cc--4253142-inline.html,"PNet - last week, all jobs",2026-08-16,results page (PNet),,
PN-0375,PNet,4253143,"GRILLER (GRILL CHEF) - ANNA'S KITCHEN RESTAURANT, VEREENIGING",Three Rivers Lodge,,"Vereeniging, Three Rivers",,"Market Related, based on experience",Yes,Permanent,Full Time,,"EE/AA, Non EE/AA",41 minutes ago,2026-08-15,,,"Role Overview - Anna's Kitchen, an upmarket restaurant in the Vaal Triangle, is looking for skilled Grillers to join our . If you know your way around a hot grill, can hold a steak to the exact degree the guest asked for, and thrive under service pressure — we want to hear from you. About the role - You will run the grill section, preparing steaks, ribs, chops, burgers, poultry, and seafood to a consistently high standard, working closely with the and the rest of the . Key responsibilities * Grill and prepare meat, poultry and seafood to the correct temperature, doneness and presentation standard * Season, portion, and prepare for the grill section before each service * Maintain plating and quality standards on every dish leaving the pass",748,Yes,https://www.pnet.co.za/jobs--GRILLER-GRILL-CHEF-ANNAS-KITCHEN-RESTAURANT-VEREENIGING-Vereeniging-Three-Rivers-Three-Rivers-Lodge--4253143-inline.html,"PNet - last week, all jobs",2026-08-16,results page (PNet),,
PN-0376,PNet,4253146,Debtors Clerk - Bedfordview JHB - R15 000,Kingfisher Recruitment,,Bedfordview,,15K,Yes,Permanent,Full Time,,"EE/AA, Non EE/AA",33 minutes ago,2026-08-15,,,Duties & Responsibilities Debtors recons Support 2 Invoicing Check pricing Send out statements Run admin reports Desired Experience & Qualification Matric + tertiary education Excellent communication skills (English) 3 - 4 years experience in a whole/retail/ FMCG environment Accpac and Excel ESSENIAL Attention to detail very important Package & Remuneration 15K,363,Yes,https://www.pnet.co.za/jobs--Debtors-Clerk-Bedfordview-JHB-R15-000-Bedfordview-Kingfisher-Recruitment--4253146-inline.html,"PNet - last week, all jobs",2026-08-16,results page (PNet),,
PN-0377,PNet,4253147,Sales Manager (Health & Safety),Dynexity Pty Ltd,,JHB - Northern Suburbs,,,No,Permanent,Full Time,,,5 hours ago,2026-08-15,,,"Our Client specialises in safety training and is seeking a Sales Manager to join their team. If you have led a sales team within the training industry, selling into the mining, construction, petrochemical and other engineering sectors, this is your opportunity! Duties & Responsibilities - Requirements * Minimum of 5 years of experience in Sales Leadership or Sales Management roles * Previous Health, Safety and Risk training Sales experience * Understand how to drive and manage a sales team. * Previous experience leading and managing a diverse sales team across multiple regions * Success in securing diverse business by implementing tailored sales strategies * Conduct effective contract negotiations. * Oversee sales team performance, ensuring targets are met or exceeded. * Must be able and willing to travel",816,Yes,https://www.pnet.co.za/jobs--Sales-Manager-Health-Safety-JHB-Northern-Suburbs-Dynexity-Pty-Ltd--4253147-inline.html,"PNet - last week, all jobs",2026-08-16,results page (PNet),,
PN-0378,PNet,4253148,"Sales Manager (B2B Services | Mining, Construction & Petrochemical)",Dynexity Pty Ltd,,JHB - Northern Suburbs,,,No,Permanent,Full Time,,,3 hours ago,2026-08-15,,,"Our client is a leading provider of specialised training and professional services and is looking for an experienced Sales Manager to join their team. This role would suit a service-based B2B sales professional who has successfully sold into the mining, construction, petrochemical or engineering sectors. Duties & Responsibilities * Diploma or Degree in Sales, Marketing, Business Management or a related field * Minimum 5 years' experience in Sales Management or Sales Leadership * Proven track record of achieving and exceeding sales targets * Strong B2B sales and business development experience * Previous experience selling services into the mining, construction, petrochemical or engineering sectors * Experience selling training, consulting, professional or technical services will be advantageous",805,Yes,https://www.pnet.co.za/jobs--Sales-Manager-B2B-Services-Mining-Construction-Petrochemical-JHB-Northern-Suburbs-Dynexity-Pty-Ltd--4253148-inline.html,"PNet - last week, all jobs",2026-08-16,results page (PNet),,
PN-0379,PNet,4253149,"Business Development Representative (B2B Services | Mining, Construction & Petrochemical)",Dynexity Pty Ltd,,JHB - Northern Suburbs,,,No,Permanent,Full Time,,,10 hours ago,2026-08-15,,,"Our client is looking for a driven Business Development Representative to join their team and play a key role in growing their client base and securing new business. This opportunity is ideal for a B2B sales professional with 3 to 5 years' experience selling services, particularly into the mining, construction, industrial or engineering sectors. Duties & Responsibilities * 3 to 5 years' experience in Business Development, Sales or a similar role * Proven track record in new business development and achieving sales targets * Experience selling services rather than physical products * Previous experience selling into mining, construction, industrial or engineering sectors * Strong cold calling, lead generation and relationship-building skills * Experience preparing proposals and negotiating commercial agreements",821,Yes,https://www.pnet.co.za/jobs--Business-Development-Representative-B2B-Services-Mining-Construction-Petrochemical-JHB-Northern-Suburbs-Dynexity-Pty-Ltd--4253149-inline.html,"PNet - last week, all jobs",2026-08-16,results page (PNet),,
PN-0380,PNet,4253150,"Business Development Manager (B2B Services | Mining, Construction & Petrochemical)",Dynexity Pty Ltd,,JHB - Northern Suburbs,,,No,Permanent,Full Time,,,7 hours ago,2026-08-15,,,"Our client is looking for an experienced Business Development professional to drive strategic growth across African and international markets. This is an exciting opportunity for a commercially driven individual with a strong track record of securing large-scale contracts and selling complex services into sectors such as mining, industrial services and infrastructure. Duties & Responsibilities * 7 to 10 years' experience in business development, strategic sales or commercial leadership * Proven track record of securing high-value contracts and driving revenue growth * Experience operating across African markets * Experience within mining, industrial services, HSE or infrastructure will be advantageous * Strong commercial and financial acumen",751,Yes,https://www.pnet.co.za/jobs--Business-Development-Manager-B2B-Services-Mining-Construction-Petrochemical-JHB-Northern-Suburbs-Dynexity-Pty-Ltd--4253150-inline.html,"PNet - last week, all jobs",2026-08-16,results page (PNet),,
